Unidad Administrativa,Direcciones/Subdirecciones,"Áreas (ejemplo: Personal, Financieros, recursos materiales, Distritos de Riego, Observatorios, Meteorológicos, Residenciasetc.)"
Dirección Local Campeche,Direccion,
,Subdireccion de Enlace Administrativo,Personal
,,Recursos Financieros
,,Recursos Materiales
,,Tecnologia de la Información
,,Comunicación y Cultura del Agua
,Subdireccion de Infraestructura hidroagricola,Coordinación de Protección a la Infraestructura
,,Coordinación de Protección a la Infraestructura (CRAE14)
,,Unidades de Riego
,,Distritos de Temporal
,,Residencia de Construcción
,Area de Agua Potable,Prodder
,,Prosanear
,,Proagua
,Subdirección de Consejo de Cuenca Gestión Social y Atención de Emergencias,
,Juridico,Jurídico
,Subdirección de Administración del Agua,Centro Integral de atención de Servicios
,,Inspección y Medición
,,Dictaminación
,,Archivo
,,Calificación de Infracciones
,Area de Recaudación y Fiscalización,Recaudación
,Residencia Técnica,Observatorio Meteorológico
,,Radar Sabancuy
,,Aguas Subteraneas
,,Aguas Superficiales
DIRECCIÓN LOCAL COAHUILA ,SUBDIRECCIÓN DE ADMINISTRACIÓN DEL AGUA,SUBDIRECCIÓN DE ADMINISTRACIÓN DEL AGUA
,SUBDIRECCION DE ENLACE ADMINISTRATIVO,PERSONAL
,,FINANCIEROS
,,UNIDAD JURIDICA
,,RECURSOS MATERIALES
,,SISTEMAS
,SUBDIRECCIÓN DE ASISTENCIA TECNICA-HIDROAGRICOLA,SUBDIRECCIÓN DE ASISTENCIA TECNICA-HIDROAGRICOLA
,Coordinación de Atención a Emergencias y Consejos de Cuenca,BRIGADA DE PROTECCION A LA INFRAESTRUCTURA Y ATENCION A EMERGENCIAS
,SUBDIRECCIÓN DE ASISTENCIA TECNICA-OPERATIVA,SUBDIRECCIÓN DE ASISTENCIA TECNICA-OPERATIVA
,,CENTRO DE ACOPIO 
,,OBSERVATORIO PIEDRAS NEGRAS
,,DISTRITO DE RIEGO 006 PALESTINA
,,OBSERVATORIO MONCLOVA 
,Coordinación de Atención a Emergencias y Consejos de Cuenca,Centro Regional de Atención a Emergencia (CRAE)
,SUBDIRECCIÓN DE ASISTENCIA TECNICA-OPERATIVA,OBSERVATORIO SALTILLO
Dirección Local Colima,Proteccion a la Infraestructrura y Atención de Emergencias,Presa Basilio Vadillo
,,Presa Trojes
,,Derivadora Callejones
,,Radar de Cuyutlan
,Residencia Técnica,Observatorio Metereologico de Manzanillo
Dirección Local Estado de México,Dirección,PIAE
,Subdirección de enlace Administrativo,Personal
,,Recursos Financieros
,,Recursos Materiales
,,Servicios Generales
,,Adquisiciones
,,Unidad de Almacen
,,Informática y Telecomunicaciones
,"Subdirección de Consejos de Cuenca, Gestión Social y Atención de a Emergencias",
,Unidad de Asuntos Jurídicos,
,Subdirección de Administración del Agua,Servicios a Usuarios
,,Inspección y Medición
,,Calificación e Infracciones
,,Archivo
,,Centro Integral de Servicios
,Subdirección de Asistencia Técnica Operativa,Laboratorio
,Recaudación y Fiscalización.,
,Meteorológico,
,Distrito de Riego 033 Atlacomulco,
,Distrito de Riego 044 Jilotepec,
,Distrito de Riego 088 Chiconautla,
,Residencia General Zumpango,
Dirección Local Guerrero,Dirección,Dirección
,Subdirección de Enlace Administrativo,Subdirección
,,Personal
,,Financieros
,,Recursos Materiales
,,Tecnología de Información y Comunicaciones
,,Almacen
,Subdirección de Administración del Agua,Subdirección
,,Dictaminacion y Titulación
,,Centro Integral de Servicios
,,Inspección y Medición
,,Calificación de Infracciones
,Subdirección Técnica,Subdirección
,,Seguridad de Presas
,,Aguas Subterraneas
,,Aguas Superficiales e Ingeniería de Ríos
,,Laboratorio de Calidad del Agua 
,Brigada de Proteccion a la Infraestructura y Atención a Emergencias,Brigada de Proteccion a la Infraestructura y Atención a Emergencias
,Unidad de Asuntos Jurídicos,Unidad de Asuntos Jurídicos
,"Subdirección de Agua Potable, Drenaje y Saneamiento",Subdirección
,,Programas Federalizados
,,Programa de Devolución de Derechos
,Subdirección de Recaudación y Fiscalización,Subdirección de Recaudación y Fiscalización
,Subdirección ,"Subdirección de Consejos de Cuenca, Gestion social y Atencion a Emergencias"
,Subdirección Técnica,Observatorio Meteorológico Chilpancingo
,,Observatorio Meteorológico Acapulco
,Subdireccion de Infraestructura Hidroagricola,Subdireccion
,,"Programa Rehabilitación, Tecnificación y Equipamiento de Unidades de Riego."
,,Programas Federales
,,Distrito de Riego 057 CD. Altamirano. Guerrero
,,Distrito de Riego 095. Atoyac de Alvarez. Guerrero
,,Distrito de Riego 068. Iguala de la Independencia. Guerrero
,,Distrito de Riego 104. Cuajinicuilapa. Guerrero
,,Distrito de Riego 105. Las Vigas Guerrero
,Oficinas de Acapulco. Guerrero,Oficinas de Acapulco. Guerrero
Dirección Local Nayarit,Subdireccion de Administración del Agua,Centro Integral de Servicios
,,Servicios a Usuarios
,,Inspección y Medición
,,Soporte Documental y Archivo
,,Subdirección
,Subdireccion de Enlace Administrativo,Recursos Materiales
,,Recursos Humanos
,,Recursos Financieros
,,Licitaciones y Control Técnico
,,Recaudación
,,Tics
,,Subdirección
,Subdireccion Técnica,Calidad del Agua
,,Agua Potable y Alcantarillado
,,"Aguas Subterraneas, Superficiales y Zonas Federales"
,,Cultura del Agua
,,Meteorologia
,,Observatorio
,,Laboratorio
,,Campamento SARH
,,Subdirección
,Subdirección de Infraestructura Hidroagricola,Subdirección
,,PIAE
,,Residencia General de Infraestructura Hidroagricola
,,Distrito de Riego 043
,,Unidades de Riego
,Unidad Jurídica,Unidad Juridica
,Dirección,Dirección
,,Transparencia
,,Comunicación Social
Organismo de Cuenca Cuencas Centrales del Norte,Dirección General,Dirección General
,Dirección de Administración,Dirección de Administración
,,Financieros
,,Informática y Telecomunicaciones
,,Materiales y Servicios Generales
,,Personal
,Dirección de Administración del Agua,Dirección de Administración del Agua
,,Control de Bases de Datos y Expedientes
,,Dictaminación
,,Medición e Inspección
,,"Operación, Seguimiento y Evaluación de COTAS"
,"Dirección de Agua Potable, Drenaje y Saneamiento","Dirección de Agua Potable, Drenaje y Saneamiento"
,,"Agua Potable, Drenaje y Saneamiento"
,,Consolidación de Organismos Operadores
,,Agua Saludable para La Laguna
,Dirección de Asuntos Jurídicos,Dirección de Asuntos Jurídicos
,,De lo Contencioso
,,Juicios de Amparo y Fiscales
,Dirección de Infraestructura Hidroagrícola,Dirección de Infraestructura Hidroagrícola
,,Construcción
,,Unidades de Riego
,Dirección de Recaudación y Fiscalización,Dirección de Recaudación y Fiscalización
,,Fiscalización
,,Recaudación
,Dirección Técnica,Dirección Técnica
,,Calidad del Agua
,,Seguridad de Presas
,,Aguas Subterráneas
,,Aguas Superficiales
,Coordinación de Protección a Infraestructura y Atención a Emergencias,Coordinación de Protección a Infraestructura y Atención a Emergencias
,Distrito de Riego 017 Región Lagunera Coahuila / Durango,Distrito de Riego 017 Región Lagunera Coahuila / Durango
,,Administración
,,Conservación
,,Ingeniería de Riego y Drenaje
,,Operación
,Dirección Técnica,Laboratorio de Calidad del Agua
,Coordinación de Protección a Infraestructura y Atención a Emergencias,Centro de Regional de Atención a Emergencias
,Distrito de Riego 017 Región Lagunera Coahuila / Durango,"Unidad de Riego Nazas, Durango"
,,"Unidad de Riego Matamoros, Coahuila de Zaragoza"
,,"Unidad de Riego Francisco I. Madero, Coahuila de Zaragoza"
,,"Unidad de Riego San Pedro, Coahuila de Zaragoza"
Organismo de Cuenca Pacífico Sur,Dirección General,Dirección General
,Dirección de Administración,Dirección
,,Personal
,,Materiales
,,Almacén del OCPS
,,Financieros
,,Tecnología de la Información y Comunicaciones
,,Sección Sindical No. 35 de la SNTSEMARNAT
,"Dirección de Agua Potable, Drenaje y Saneamiento",Dirección
,,Agua Potable Drenaje y Saneamiento en Zonas Urbanas
,,Agua Potable Drenaje y Saneamiento en Zonas Rurales
,,Brigada de Agua Limpia
,,Atención y Gestión Ciudadana
,,Controloría Social
,Direccíon de Recaudación y Fiscalización,Dirección
,Dirección Técnica,Dirección
,,Aguas Superficiales
,,Aguas Subterráneas
,,Calidad del Agua e Impacto Ambiental
,,Laboratorio de Calidad del Agua
,,Observatorio Meteorológico Oaxaca
,,Oficina de Hidrometría Operativa
,,Observatorio Meteorológico de Salina Cruz
,,Radar Meteorológico de Puerto Ángel
,,Observatorio Meteorológico de Puerto Ángel
,Dirección de Infraestructura Hidroagrícola,Dirección
,,Diseño e Ingeniería Proyecto Oaxaca
,,Estudios y Proyectos
,,Unidades de Riego
,,Distrito de Riego 019
,,Residencia General Rehabilitación y Modernización del Distrito de Riego 019
,,Residencia General Proyecto Río Verde
,,Protección a la Infraestructura y Atención a Emergencias
,,Presa Benito Juárez
,Dirección de Administración del Agua,Dirección
,,Calificación e Infracciones
,,Inspección y Medición
,,Bancos del Agua
,,Centro Integral de Servicios
,,Titulación y Dictaminación
,,Consejos de Cuenca y Cultura del Agua
,Dirección de Asuntos Jurídicos,Dirección
,,De lo Consultivo
Organismo de Cuenca Río Bravo,Dirección General,Dirección General
,,Comunicación Social
,Dirección de Administración,Dirección de Área
,,Oficina Enlace Tamaulipas Zona Norte
,Dirección de Administración del Agua,Dirección de Área
,,CIS -Monterrey
,,CIS -Reynosa
,"Dirección de Agua Potable, Drenaje y Saneamiento",Dirección de Área
,,Oficina Enlace Tamaulipas Zona Norte
,Dirección de Infraestructura Hidroagrícola,Dirección de Área
,,"Presa ""La Boca"""
,,"Presa ""Cerro Prieto"""
,,"Presa ""El Cuchillo"""
,,"DR 004 ""Don Martín"" Jefatura"
,,"Presa ""Venustiano Carranza"""
,,"DR 006 ""Palestina"" Residencia de Construcción"
,,"DR 025 ""Bajo Río Bravo"" Jefatura"
,,"DR 025 ""Bajo Río Bravo"" Operación"
,,"DR 025 ""Bajo Río Bravo"" 2da Unidad"
,,"DR 026 ""Bajo Río San Juan"" Jefatura"
,,"DR 026 ""Bajo Río San Juan"" 3ra Unidad"
,,"Presa ""Marte R. Gómez"""
,,Residencia de Uso Sustentable
,Dirección Técnica,Dirección de Área
,,Laboratorio OCRB
,,Observatorio Monterrey
,,Radio Sondeo Aeropuerto Monterrey
,,Oficina Enlace Tamaulipas Zona Norte
,Dirección de Asuntos Jurídicos,Dirección de Área
,Dirección de Recaudación y Fiscalización,Dirección de Área
,"Dirección de Auditoría, Responsabilidades y Quejas Región Norte de la SAyBG",Titular
Dirección Local Colima,Agua Potable y Saneamiento en Zonas Rurales,Agua Potable y Saneamiento en Zonas Rurales
,Dirección,Dirección
,,Atención Social e Institucional y Cultura del Agua
,,Recaudación
,Distrito de Riego 053,Subjefatura de Operación
,,Ingenieria de Riego y Drenaje
,,Subjefatura de Conservacion
,Proteccion a la Infraestructura y Atención de Emergencias,Proteccion a la Infraestructura
,Residencia General de Construcción,Residencia General de Construcción
,Residencia Técnica,Residencia Técnica
,,Calidad del Agua
,,Aguas Superficiales
,,Zonas Federales
,,Climatología
,,Observatorio Meteorológico Manzanillo
,,Aguas Subterraneas
,Subdirección de Administración del Agua,Subdirección de Administración del Agua
,,Centro Integral de Servicios 
,,Inspección y Medición
,Subdirección de Enlace Administrativo,Subdirección de Enlace Administrativo
,,Informática
,,Personal
,,Recursos Financieros
,,Recursos Materiales
,Subdirección Técnica,Subdirección Técnica
,Unidad de Asuntos Jurídicos,Unidad de Asuntos Jurídicos
Dirección LocaL Aguascalientes,Dirección Local,Dirección
,,Transparencia
,Subdirección de Enlace Administrativo,Enlace Administrativo
,,Personal
,,Recursos Financieros
,,Servicios Generales
,,Adquisiciones
,,Control de inventarios
,,Recaudación
,Subdirección de Asistencia Técnica Operativa,Técnica
,,Aguas Superficiales
,,Programas Hidragrícolas
,,Opiniones técnicas
,,Laboratorio de Calidad del Agua 
,,Centro de Previsión Meteorológica
,Subdirección de Administración del Agua,Administración del Agua
,,Centro Integral de Servicios
,,Titulación
,,Dictaminación
,,Procedimientos Administrativos
,,Inspeción y Medición
,Unidad de Asuntos Jurídicos ,Unidad Jurídica
,Brigada de Protección a la Infraestructura y Atención a Emergencias,Brigada Piae
,,Castillo Presa Calles
,Distrito de Riego 001 Pabellón,Distrito de Riego
,"Subdirección de Consejos de Cuenca, Gestión Social y Atención a Emergencias",Consejos de Cuenca
,,Programas Federales
,,PRODDER
,,Desinfeción y plantas de tratamiento
,Tecnología de la Información y Comunicaciones,Informática y Telecomunicaciones
Dirección Local Durango,Direción Local Durango,Dirección 
,,Recaudación y Fiscalización
,,Unidad de Comunicación Social
,,Unidad de Asuntos Jurídicos
,Subdireccion de Enlace Administrativo,Subdirección de Enlace Administrativo
,,Recursos Materiales
,,Recursos Financieros
,,Recursos Humanos
,,Archivo de Tramite y Consentración
,,"Innovación, Calidad e Informatica"
,Subdireccion Tecnica Operativa,Subdirección Tecnica Operativa
,,Proyectos Prioritarios
,,Seguimiento y Evaluación de Programas Descentralizados
,,Saneamientos  de Cuencas
,,Aguas Subterraneas
,,Aguas Superficiales
,,Hidrología
,Subdireccion de Administración del Agua,Subdireccion   de   Administración   del   Agua ( Mezanine)
,,Servicios a Usuarios
,,Centro Integral de Servicios
,, Analisis y Evaluación de Infracción  y Calificaciones
,,Inspección y Medición
,,Archivo de concentracion de Subdirección del Agua
,Residencia General de  Construcción,Residencia General de  Construcción
,,Residencia especializada de construcción
,"Subdireccion de Consejos de Cuenca, Gestión Social y Atención a Emergencia","Subdireccion de Consejos de Cuenca, Gestión Social y Atención a Emergencia"
,,Brigada de Protección a la Infraestructura y Atención a Emergencias (comando central radio)
,,Jefatura de Proyecto de Agua Potable y Saneamiento En Zonas Rurales
,,Jefatura de Proyecto de Apoyo La Construcción
,,Jefatura de Proyecto de Cultura del Agua
,Distrito de Riego 052,Distrito de Riego 052
,,Subjefatura de Operación
,,Subjefatura de Conservación
," Subdireccion Tecnica Operativa Observatorio y Meteorologico, Laboratorio","Observatorio y Meteorologico, Laboratorio"
,  Subdireccion Tecnica Operativa Observatorio y Meteorologico,Observatorio y Meteorologico
Dirección Local Guanajuato,Dirección Local,
,Subdirección de Enlace Administrativo,
,,Recursos Humanos
,,Recursos Financieros
,, Recursos Materiales
,,Tecnología de la Información y Comunicaciones.
,Subdirección de Agua Potable y Saneamiento,
,Distrito de Riego 011 y 085,
,,Unidad de Riego Acámbaro
,,Unidad Presa La Purísima
,,Unidad de Riego Irapuato
,,Unidad de Riego Abasolo
,,Unidad Presa Allende
,Subdirección Técnica,
,,Meteorológico Guanajuato
,,Residencia Técnica
,,Laboratorio de Calidad del Agua
,,CRAE Salamanca.
,Unidad Jurídica,
,Subdirección de Admon. De Agua,
,,Recaudación
,,Atención a Usuarios
Dirección Local Hidalgo,Oficina de la Dirección Local Hidalgo,Oficina de la Dirección Local
,,Control de Gestion
,,Unidad Jurídica
,,Unidad Jurídica                                                      Área de Tenencia de la Tierra
,,"Área de Agua Potable, Drenaje y Saneamiento"
,,"Área de Agua Potable, Drenaje y Saneamiento                      Jefatura de Departamento de Elaboración de Estudios y Dictámenes Técnicos."
,,Área de Recaudación y Fiscalización
,,Residencia General del Proyecto El Comalillo
,,"Residencia Especializada Huasteca Hidalguense   y  Distrito de Riego 003, 100, 112"
,,"Residencia Especializada Huasteca Hidalguense   y  Distrito de Riego 003, 100, 112                                                                  Subjefatura de Distrito de Riego de Conservación 100 Alfajyucan"
,,"Residencia Especializada Huasteca Hidalguense   y  Distrito de Riego 003, 100, 112                                                             Subjefatura de Distrito de Riego de Irrigación y Drenaje 003 y 100"
,,"Residencia Especializada Huasteca Hidalguense   y  Distrito de Riego 003, 100, 112                                                              Oficina Administrativa de los Distritos de Riego 003, 100 y 112"
,,Distrito de Riego 028 Tulancingo
,,Distrito de Riego 008 Metztitlan
,"Subdirección de Consejos de Cuenca Gestión Social, Atención de emergencias y Área de Hidroagricola.  ","Subdirección de Consejos de Cuenca Gestión Social, Atención de emergencias y Área de Hidroagricola.  "
,,Brigada del PIAE
,,Jefatura de Departamento de Ingenieria Hidroagricola
,Subdirección de Administración del Agua,Subdirección de Administración del Agua
,,Jefatura de Departamento de Atención a Usuarios
,,Área del Centro Integral de Servicios
,,Jefatura de Departamento de Inspección y Medición.
,Subdirección Técnica,Subdirección Técnica
,,Coordinación de Saneamiento y Calidad del Agua
,,Jefatura del Centro de Previsión Meteorológica
,,Meteorologico Pachuca
,,Meteorologico Tulancingo
,,Previsión Meteorologica                               Oficina en Huejutla de Reyes
,,Prevsión Meteorologica                                                                            Oficina en Metztitlan
,Subdirección de Enlace Administrativo,Subdirección de Enlace Administrativo
,,Departamento de Personal
,,Departamento de Recursos Financieros
,,Departamento de Recursos Materiales
,,Área de Informática y Telecomunicaciones
Dirección Local Michoacán,Dirección Local ,Meteorológico Morelia 
,,Meteorológico Zamora
,,Unidad Jurídica
,,Recaudación
,Subdirección de Administración del Agua,Atención a Usuarios
,,Calificación de Infracciones
,,Inspección y Medición
,"Subdirección de Consejos de Cuenca, Gestión Social y atención emergencias",Cultura del Agua
,Subdirección Técnica,Distrito Industrial Marítimo.
,,"Agua Potable, Drenaje y Saneamiento"
,,Calidad del Agua
,,Laboratorio 
,,Aguas superficiales
,,Aguas subterráneas
,Infraestructura Hidroagrícola,Protección a la Infraestructura y Atención a Emergencias
,,Programas Federalizados
,,Residencia General Balsas
,,Distrito de Riego 061 Zamora y 099 Quitupan la Magdalena
,,Distrito de Riego 087 Rosario Mezquite
,,Distrito de Riego 097 Lázaro Cárdenas
,,Distrito de Riego 024 Ciénega de Chapala
,,Distrito de Riego 045 Tuxpan. 
,,Distrito de Riego 098 José María Morelos
,,Distrito de Riego 020 Morelia-Queréndaro
,,Residencia General Cupatitzio Tepalcatepec
,,Unidad de Riego Maravatío
,,Presa Cointzio
,Subdirección de Enlace Administrativo,Departamento de Recursos Humanos
,,Departamento de Recursos Financieros
,,Departamento de Recursos Materiales
,,Informática
Dirección Local Puebla,Dirección,Dirección
,Subdirección de Enlace Administrativo,Subdirección
,,Personal
,,Financieros
,,Recursos Materiales
,,Tecnología de Información y Comunicaciones
,Subdirección de Administraicón del Agua,Subdirección
,,Servicios a Usuarios
,,Centro Integral de Servicios
,,Inspección y Medición
,,Calificación de Infracciones
,Subdirección Técnica,Subdirección
,,Seguridad de Presas
,,Aguas Subterraneas
,,Aguas Superficiales e Ingeniería de Ríos
,,Calidad del Agua 
,Brigada de Piae,Brigada de Piae
,Unidad de Asuntos Jurídicos,Unidad de Asuntos Jurídicos
,Área de Infraestructura Hidroagricola y Rural,Jefatura del área
,,"Programa Rehabilitación, Tecnificación y Equipamiento de Unidades de Riego."
,,apoyo a la infraestructura
,"Subdirección de Agua Potable, Drenaje y Saneamiento",Subdirección
,,Programas Federalizados
,,Programa de Devoluación de Derechos
,Subdirección de Recaudación y Fiscalización,Subdirección de Recaudación y Fiscalización
,Subdirección Técnica,Laboratorio de Calidad del Agua
,,Observatorio Meteorológico
,Subdirección de Enlace Administrativo,Almacen
,Área de Infraestructura Hidroagricola y Rural,Distrito de Riego 030 Valsequillo
,Subdirección de Administración del Agua,Atención a Usuarios
Dirección Local Quintana Roo,Dirección,Dirección
,Subdirección de Enlace Administrativo,Personal
,,Recursos Financieros
,,Recursos Materiales
,,Tecnología de la Información y Comunicaciones
,,Tecnología de la Información y Comunicaciones / Cancun
,,Enlace Administrativo / Cancún
,Subdirección de Administración del Agua,Dictaminación y Titulación
,,Calificación de Infracciones
,,Inspección y Medición
,,Inspección y Medición / Cancún
,Recaudación y Fiscalización,Recaudación y Fiscalización
,,Recaudación y Fiscalización / Cancún
,Unidad Jurídica,unidad Jurídica
,"Subdirección de Agua Potable, Drenaje y Saneamiento",PROAGUA
,,Desinfección del Agua
,,Cultura del Agua
,,PRODDER Y PROSANEAR
,,Contraloría Social
,,Plantas de Tratamiento
,Subdirección de Infraestructura Hidroagrícola,Operación y Conservación de Distritos de Riego
,,Reahabilitacion y Modernizacion de Distritos de Riego
,,Distrito de Temporal Tecnificado 026
,,Riego Suplementario y Proyectos Productivos
,,Modernización y Tecnificación de Unidades de Riego
,,Protección a la Infraestructura y Atención a Emergencias
,,Protección a la Infraestructura y Atención a Emergencias / Cancun
,Subdirección Técnica,Centros de Previsión Meteorológica
,,Calidad del Agua
,,Aguas Subterráneas y Superficiales
,,Observatorio Meteorológico de Chetumal
,,Observatorio Meteorológico de Felipe Carrillo Puerto
,,Radar Meteorológico Cancún
,Subdirección de Consejos de Cuenca,Subdirección de Consejos de Cuenca / Cancún
Dirección Local Zacatecas,Direccion,
,,Residencia de Construcción
,,Distrito de Riego 054
,,Distrito de Riego 054
,,Distrito de Riego 054
,,Brigada de PIAE
,Unidad de Cominucación Social,
,Unidad de Asuntos Juridicos,
,Subdirección de Enlace Administrativo,Recursos Financieros
,,Personal
,,Recursos Materiales
,,Tecnologías de la Informacion y Comunicaciones
,Subdirección de Administración del Agua,Dictaminación
,,Ventanilla Unica
,,Inspección y Medición
,,Calificación e Infracciones
,,CIS
,Subdirección de Recaudación,Subdirección de Recaudación
,Subd. de Infraestructura Hidroagricola,
,"Subdirección de Agua Potable, Alcantarrilado y Saneamiento",PRODDER
,,PROSANEAR
,,PROAGUA Urbano
,,PROAGUA Rural
,,Contraloría Social
,,Agua Limpia
,Subdirección Tecnica,Aguas Subteraneas
,,Aguas Superficiales
,,Sanamiento y Calidad del Agua
,,Hidrometerelogía
,,Observatorio de la Bufa
,,Observatorio de Sombrerete
Dirección Local Baja California Sur,Dirección,Dirección
,Subdirección de Enlace Administrativo,Personal
,,Recursos Financieros
,,Tecnologías de la Información y Comunicaciones
,,Recaudación y Control de Contribuyentes
,,Recursos Materiales
,,Vigilancia
,Subdirección de Administración del Agua,Inspección y Medición
,,Normatividad
,,Centro Integral de Servicios
,,Dictaminación y Titulación
,,Archivo
,,Distrito de Riego 066
,,Centro Integral de Servicios Valle de Vizcaino
,Subdirección de Asistencia Técnica Operativa,Climatología
,,Aguas Superficiales
,,Aguas Subterraneas
,,Agua Potable
,,Centro de Previsión Meteorológica La Paz y Laboratorio de Calidad del Agua
,,Radar Meteorológico de Los Cabos
,,Centro de Previsión Meteorológica de Cd. Constitución
,,Centro de Previsión Meteorológica de Cd. Loreto
,,Centro de Previsión Meteorológica de Cd. Santa Rosalía
,"Subdirección de Consejos de Cuenca, Gestión Social y Atención a Emergencias",Centro Regional de Atención a Emergencias 
,,Comunicación Social
,Unidad Jurídica,Unidad Jurídica
Dirección Local San Luis Potosí,Dirección Local San Luis Potosi,Dirección Local San Luis Potosí
,Unidad Jurídica,Unidad Jurídica
,Área de Comunicación y Atención Social e Institucional,Área de Comunicación y Atención Social e Institucional
,Subdirección de Enlace Administrativo,Subdirección de Enlace Administrativo
,,Personal
,,Materiales
,,Financieros
,,Informática y Telecomunicaciones
,,Tenencia de la Tierra
,,Almacén
,Subdirección de Administración del Agua,Subdirección de Administración del Agua
,,Dictaminación y Titulación
,,Centro Integral Servicios
,,Inspección y Medición
,,Procedimientos Administrativos
,,Archivo
,Subdirección de Recaudación y Fiscalización,Subdirección de Recaudación y Fiscalización
,"Subdirección de Agua Potable, Drenaje y Saneamiento","Subdirección de Agua Potable, Drenaje y Saneamiento"
,,Demandas Ciudadanas
,,Cultura del Agua
,,Agua Potable
,Subdirección de Infraestructura Hidroagrícola,Subdirección de Infraestructura Hidroagrícola
,,Programas de Modernización y Tecnificación de Unidades de Riego
,,Uso Pleno de la Infraestructura Hidroagrícola
,,Obra Pública
,,"Distrito de Temporal Tecnificado 005, Cd. Valles"
,,"Distrito de Riego 049, Río Verde"
,,"Distrito de Riego 092, Ébano"
,Subdirección Técnica,Subdirección Técnica
,,Aguas Subterráneas
,,Aguas Superficiales
,,Previsión Meteorológica
,,Laboratorio
,,Observatorio de San Luis
,,Observatorio de Matlapa
,,Observatorio de Rioverde
,"Subdirección de Consejos de Cuenca, Gestión Social y Atención a Emergencias",Subdirección de Consejos de Cuenca
,Protección a la Infraestructura y Atención a Emergencias,PIAE
,Centro Regional de Atención a Emergencias,CRAE
Organismo de Cuenca Balsas,Dirección de Administración,Recursos Financieros
,,Recursos Humanos
,,Recursos Materiales
,,Tecnologias de la Información y Comunicaciones
,Dirección Técnica,Laboratorio de Cuenca Balsas
,Dirección General,Dirección General
,Dirección de Administración del Agua,Dirección de Administración del Agua 
,,Centro Integral de Servicios
,Dirección de Recaudación y Fiscalización,Dirección de Recaudación y Fiscalización
,Dirección de Infraestructura Hidroagricola,Dirección de Infraestructura Hidroagricola 
,,PIAE 
,Dirección de Asuntos Juridicos,Dirección de Asuntos Juridicos
,Subdirección de Consejos de Cuenca y Cultura del Agua,Subdirección de Consejos de Cuenca y Cultura del Agua
,"Dirección de Agua Potable, Drenaje y Saneamiento","Dirección de Agua Potable, Drenaje y Saneamiento"
,Dirección Técnica,Dirección Técnica
,,Meteorologico de Cuernavaca Morelos
,Dirección de Infraestructura Hidroagricola,Distrito de Riego 016
,Dirección Técnica y Dirección de Administración del Agua,Meteorologico de Huajuapan de León Oaxaca 
,,CIS de Huajuapan de León Oaxaca
Dirección Local Chihuahua,Dirección Local,Dirección
,Subdirección de Enlace Administrativo,Enlace Administrativo
,,Recursos Financieros
,,Recursos Materiales
,,Recursos Humanos
,,Almacen
,,Tecnologias de la Información y Comunicación
,Subdirección de Recaudación y Fiscalización,Recaudacion y Fiscalización
,"Subdirección de Consejos de Cuenca, Gestión Social y Atención a Emergencias","Consejos de Cuenca, Gestión Social y Atención a Emergencias"
,,PIAE
,"Subdireccion de Agua Potable, Drenaje y Tratamiento","Agua Potable, Drenaje y Tratamiento"
,Unidad Juridica,Unidad Juridica
,Subireccion de Administración del Agua,Administración del Agua
,,Inspección y Medición
,,Dictaminación
,,CIS
,,Archivo
,Subdirección Tecnica,Subdirección Técnica
,,Observatorio Meteorológico de Chihuahua
,,Observatorio Meteorológico de Parral
,,Observatorio Meteorológico de Nuevo Casas Grandes
,,Observatorio Meteorológico de Temosachi
,Residencia General de Infraestructura Hidroagrícola,Residencia General de Infraestructura Hidroagrícola
,,Distrito de Riego 005 y Residencia Delicias
,,Distrito de Riego 009 Valle de Juárez
,,Distrito de Riego 042 Buenaventura
,,Distrito de Riego 083 Papigochi
,,Distrito de Riego 089 El Carmen
,,Distrito de Riego 090 Bajo Río Conchos y Residencia Ojinaga
,,Distrito de Riego 103 Río Florido y Residencia 
,,Distrito de Riego 113 Camargo
Dirección Local Querétaro,Dirección Local,Jefatura de Departamento de la Unidad de Asuntos Jurídicos.
,Subdirección de Enlace Administrativo,Jefatura de Departamento de Recursos Materiales 
,,Jefatura de Departamento de Pogramación Presupuestal y Recursos Financieros
,,Enlace Personal
,,Enlace Informática
,Sudirección de Administración del Agua,"Jefatura de Departamento de Inspección, Medición y Calificación de Infracciones"
,,Jefatura de Departamento de Atención a Usuarios y Recaudación y Fiscalización
,Subdirección Técnica,Jefatura de Departamento de Aguas Superficiales e Ingeniería de Rios y del Contro de Previsión Meteorologica
,,Jefatura de De Departamento de Seguridad de Presas
,,Observatorio Meterológico Querétaro
,Subdirección de Infraestructura Hidroagrícola,Jefatura de Despartamento de Infraestructura y Atención a Emergencias. 
,,Jefatura de Departamento de Contratación de Obra
,,Jefatura de Proyecto de Inversiones Hidroagricolas
,Distrito de Riego No. 23,Jefatura de Departamento de Distrito de Riego No. 023 
,,Subjefatura de Distrito de Riego y Conservación No. 023
,,Subjefatura de Distrito de Riego y Operación No. 023
,"Subdirección de Consejos de Cuenca, Gestión Social y Atención a Emergencias",Seguimiento de Programas Federalizados
Organismo de Cuena Golfo Norte,Dirección General,Dirección General
,,Comunicación Social
,Dirección de Administración,Dirección de Administración
,Dirección de Administración Zona sur,Enlace Zona sur
,,Enlace Zona sur
,,Enlace Zona sur
,Dirección de Administración,Recursos Financieros
,,Informática y Telecomunicaciones
,,Materiales y Servicios Generales
,,Personal
,Dirección de Administración del Agua,Dirección de Administración del Agua
,,Oficina Enlace NL Zona sur
,,Calificación de Infracciones
,,Archivo
,,Dictaminación
,Dirección de Administración del Agua Zona sur,Dictaminación
,,Dictaminación
,Dirección de Administración del Agua,Inspección y Medición 
,,CIS
,"Dirección de Agua Potable, Drenaje y Saneamiento","Dirección de Agua Potable, Drenaje y Saneamiento"
,,"Agua Potable, Drenaje y Saneamiento"
,,Apoyo de Organismos Operadores
,,Desinfección del Agua
,,Estudios y Proyectos Ejecutivos
,Dirección de Asuntos Jurídicos,Dirección de Asuntos Jurídicos
,Dirección de Asuntos Jurídicos Zona Sur,Dirección de Asuntos Jurídicos
,Dirección de Asuntos Jurídicos,Departamento de lo Consultivo
,Dirección de Recaudación y Fiscalización,Dirección de Recaudación y Fiscalización
,Dirección de Recaudación y Fiscalización Zona sur,Dirección de Recaudación y Fiscalización
,Dirección de Recaudación y Fiscalización,Fiscalización
,,Recaudación
,Dirección Técnica,Dirección Técnica
,,Seguridad de Presas
,,Aguas Subterráneas
,,Servicio Meteorológico Nacional
,,Aguas Superficiales
,Dirección Técnica Zona sur,Aguas Superficiales
,,Aguas Superficiales
,,Administrativo
,,SMN RADAR
,Dirección Técnica,SMN Observatorio Meteorológico cd. Victoria
,,SMN Observatorio Meteorológico Soto la Marina
,,SMN Observatorio Meteorológico  Altamira
,Dirección Técnica Zona sur,Laboratorio Regional Calidad del Agua
,,Laboratorio Regional Calidad del Agua
,Dirección Técnica,Oficina Enlace NL Zona sur
,Dirección de Infraestructura Hidroagrícola,Dirección de Infraestructura Hidroagrícola
,,Unidad Licitadora - Residencia General
,,Operación y Conservación de Presas y de Bombeo
,,Distritos de Riego y Temporal Tecnificado
,Coordinación de Protección a Infraestructura y Atención a Emergencias,BRIGADA PIAE
,,BRIGADA PIAE
,Distrito de Temporal Tecnificado 010 San Fernando,Jefatura de Distrito
,Distrito de Riego 092 Río Pánuco Unidad Chicayán,Jefatura de Distrito
,,Subjefatura de operación
,,Subjefatura de Administración
,,Subjefatura de Conservación
,,Ingeniería de Riego y Drenaje
,Distrito de Riego 002 Mante y 029 Xicoténcatl,Jefatura de Distrito
,,Subjefatura de Operación
,,Subjefatura de Administración
,,Subjefatura de Conservación
,Distrito de Riego 092 Río Pánuco Unidad Animas,Jefatura de Distrito
,,Subjefatura de Operación
,,Subjefatura de Administración
,,Subjefatura de Conservación
,,Ingeniería de Riego y Drenaje
,Distrito de Riego 086 Río Soto la Marina,Jefatura de Distrito
,,Subjefatura de Operación
,,Subjefatura de Administración
,,Subjefatura de Conservación
,,Ingeniería de Riego y Drenaje
Organismo de Cuenca Lerma Santiago Pacífico,Dirección de Administración del Agua,Dirección de Administración del Agua
,,Dictaminación y Titulación
,,Cis
,,Inspección y Medición
,,Calificación de Infracciones
,Dirección de Administración,Dirección de Administración
,,Recursos Humanos
,,Recursos Financieros
,,Recursos Materiales
,,Informática y Telecomunicaciones
,,Contratación de Obra Pública
,Dirección Técnica,Dirección Técnica
,,Aguas Subterraneas
,,Aguas Superficiales
,,Calidad del Agua
,,Meteorología
,Dirección de Infraestructura Hidroagricola,Dirección de Infraestructura Hidroagricola
,,Infraestrutura de Protección a Centros de Población
,,Rehabilitación de Presas
,,Devolición de Agua en Bloque a Distritos de Riego
,,Apoyo a la Infraestructura Unidades de Riego
,,Apoyo a la Infraestructura Distritos de Riego
,Organo Interno de Control,Organo Interno de Control
,Distrito de Riego 013,Distrito de Riego 013
,Dirección de Asuntos Jurídicos,Dirección de Asuntos Jurídicos
,,Contencioso
,,Consultivo
,Dirección de Agua Potable Drenaje y Saneamiento,Dirección de Agua Potable Drenaje y Saneamiento
,,Zonas Rurales
,,Estudios y Proyectos
,,Programas PRODDER y PROSANEAR
,,Coordinación del Rio Verde
,Dirección de Recaudación y Fiscalización,Dirección de Recaudación y Fiscalización
,,Fiscalización
,,Recaudación
,Dirección General,Dirección General
,Observatorio Colomos ,Observatorio Colomos 
,Observatorio Cd. Guzmán ,Observatorio Cd. Guzmán 
,Observatorio Lagos de Moreno ,Observatorio Lagos de Moreno 
,Observatorio Colotlán ,Observatorio Colotlán 
,Centro Regional de Atención a Emergencias,Centro Regional de Atención a Emergencias
,Distrito de Riego 013 Ocotlán ,Distrito de Riego 013 Ocotlán 
,Distrito de Riego 013 Lagos de Moreno,Distrito de Riego 013 Lagos de Moreno
,"Distrito de Riego 093, Tomatlán","Distrito de Riego 093, Tomatlán"
,"Distrito de Riego 094, El Grullo","Distrito de Riego 094, El Grullo"
,Presa Cajón de Peña,Presa Cajón de Peña
,Presa Trigomil,Presa Trigomil
,Presa La Pólvora,Presa La Pólvora
,Unidad de Riego Ameca Distrito de Riego 013,Unidad de Riego Ameca Distrito de Riego 013
Organismo de Cuenca Aguas del Valle de México,Dirección General,Dirección General
,Organo Interno de Control,Organo Interno de Control
,Dirección de Asuntos Jurídicos,Dirección de Asuntos Jurídicos
,,Jefatura de lo Contencioso
,,Jefatura de lo Consultivo
,Dirección de Administración del Agua,Dirección de Administración del Agua
,,Subgerencia de Recaudación y Medición
,,Subgerencia de Atención a Usuarios
,,Centro Integral de Servicios
,,Area de Notificadores de la Dirección de Administración del Agua
,,Archivo de Concentración de la Dirección de Administración del Agua
,,Departamento de Medición de Entrega de Agua en Bloque
,Dirección de Administración,Dirección de Administración
,,Subgerencia de Recursos Financieros
,,Subgerencia de Recursos Financieros / Ventanilla Unica
,,Subgerencia de Recursos Materiales
,,Subgerencia de Programación y Presupuesto
,,Subgerencia de Personal / Pagaduria Churubusco
,,Informática
,,Subdirección de Asistencia Técnica
,,Subgerencia de Programación y Presupuesto / Archivo
,,Subgerencia de Recursos Materiales / Almacen Lomas Estrella
,,Subgerencia de Recursos Materiales / Almacen Barrientos
,,Subgerencia de Recursos Materiales / Almacen Cutzamala
,,Subgerencia de Personal
,,Informática
,,Subgerencia de Personal/ Relaciones Laborales  / Chiconautla
,,Subgerencia de Personal / Pagaduria Lomas Estrella
,,Subgerencia de Personal / Pagaduria Barrientos
,,Subgerencia de Personal / Pagaduria Cutzamala
,Dirección de Agua Potable Drenaje y Saneamiento,Dirección de Agua Poptable Drenaje y Saneamiento
,,Subgerencia de Abastecimiento de Agua Potable
,,Subgerencia de Normatividad de Obras Públicas
,,Laboratorio de Control de Calidad de Materiales
,,Residencia General Macrocircuito
,, Residencia General de Operación Sistema Cutzamala
,,Residencia General de Obras Sistema Cutzamala
,,Residencia General de Operación Zona Norte
,,Residencia General PAI Zona Norte
,,Residencia General de Operación Zona Sur
,,Residencia General PAI Zona Sur
,,Planta Potabilzadora Madin 
,,Planta de Remocion de Fierro y Manganeso
,,Ramal Peñon - Texcoco
,,Presa Chilesdo 
,,Ramal Teoloyucan
,,Presa Valle de Bravo 
,,Presa del Bosque  
,,Presa Tuxpan  
,,Presa Ixtapan del Oro  
,,Presa Villa Victoria 
,,Cruz de la Mision - Lerma  
,,Dos Rios - Huixquilucan  
,,El Arco - Valle De Bravo  
,,La Caldera 
,,Residencia Los Reyes F.C.
,,Ramal Tizayuca
,,Planta Coyotepec
,,Presa Colorines 
,,Tanque Santa Isabel 
,,Tanque Pericos 
,,Residencia Ecatepec
,,Planta de Rebombeo - Tulpetlac
,,Planta de Rebombeo - El Risco
Organismo de Cuenca Aguas del Valle de México - Unidad Administrativa Aragón,Dirección de Recaudación y Fiscalización,Dirección de Recaudación y Fiscalización
,,Dirección De Recaudación Y Fiscalización (Centro Integral de Sevicios)
,Dirección Técnica,Dirección Técnica
,,Gerencia Técnica
,,Subgerencia de Hidrología e Ingeniería de Ríos
,,Subgerencia del Consultivo Técnico y Normas
,,Subgerencia de Estudios y Proyectos
,,Laboratorio de Ánalisis Fisicoquímicos y Bacteriológicos de Lomas Estrella
Organismo de Cuenca Aguas del Valle de México,Dirección de Infraestructura Hidoagricola,Dirección de Infraestructura Hidoagricola
,,Subgerencia de Infraestructura Hidraulica y Sistemas de Tratamiento
,,Subgerencia de Infraestructura Hidraulica y Sistemas de Tratamiento  / Planta de Tratamiento de Aguas Negras
,,Subgerencia de Desarrollo Agricola y Forestal
,,Subgerencia de Desarrollo  Agricola y Forestal -  C.E.M.C.A.S.
,,Subgerencia de Desarrollo  Agricola y Forestal - Vivero El  Ranchito
,,Subgerencia de Apoyo a la Operación de Unidades y Distritos de Riego
,,Residencia General Lumbrera 7  Zumpango
,Coordinación de Atención de Emergencias y Consejos de Cuenca,Coordinación de Atención de Emergencias y Consejos de Cuenca - Aragon
,,Protección a la Infraestructura y Atención a Emergencias - Aragón
,,Consejos de Cuenca - Aragón
,,Cultura del Agua - Aragón
,,Coordinación de Atención de Emergencias y Consejos de Cuenca - Lomas Estrella
,,Coordinación de Atención de Emergencias y Consejos de Cuenca - Tultitlan Barrientos
,,Coordinación de Atención de Emergencias y Consejos de Cuenca - Sistema Cutzamala
,,Coordinación de Atención de Emergencias y Consejos de Cuenca - Centro del Lago de Texcoco
,,Coordinación de Atención de Emergencias y Consejos de Cuenca - C.R.A.E.
Organismo de Cuenca Frontera Sur,Dirección de Administración,Dirección de Administración
,,Departamento de Personal
,,Departamento de Recursos Materiales
,,Departamento de Recursos Financieros
,,Tecnologías de la Información y Comunicaciones
,,Dirección de Administración del Agua
,,Departamento de Inspección y Medición
,,Normatividad y Procedimientos
,,Centro Integral de Servicios
,,Centro Integral de Servicios Tapachula
,"Dirección de Agua Potable, Drenaje y Saneamiento","Dirección de Agua Potable, Drenaje y Saneamiento"
,,Residencia de Construcción
,,Contratación de Obra Pública
,Dirección de Asuntos Jurídicos,Dirección de Asuntos Jurídicos
,,Departamento de lo Contencioso
,Dirección de Recaudación y Fiscalización,Dirección de Recaudación y Fiscalización
,Dirección General,Dirección General
,Dirección Técnica,Calidad del Agua e Impacto Ambiental
,,Centro Hidrometeorológico Regional
,,Observatorio Meteorológico Tuxtla Gutiérrez
,,Observatorio Meteorológico Arriaga
,,Observatorio Meteorológico Comitán
,,Observatorio Meteorológico San Cristóbal de las Casas
,,Observatorio Meteorológico Tapachula
,Dirección de Infraestructura Hidroagrícola,Dirección de Infraestructura Hidroagrícola
,,Distrito de Temporal Tecnificado 006 Acapetahua
,,Distrito de Temporal Tecnificado 017 Tapachula
,,Distrito de Temporal Tecnificado 011 Margaritas – Comitán
,,Distrito de Riego 101 Cuxtepeques
,,Distrito de Riego 059 Río Blanco
,,Distrito de Riego 046 Cacahoatan-Suchiate
805 Organismo de Cuenca Golfo Centro,Dirección General,Dirección General
,,Secretaría Técnica
,Dirección Técnica,Aguas Superficiales e Ingeniería de Ríos
,,Aguas Subterráneas
,,Calidad del Agua
,,Unidad de Hidrometeorología
,,Observatorio Meteorológico de Xalapa
,,Laboratorio Regional de Calidad del Agua
,,Presa Cerro de Oro “Miguel de la Madrid Hurtado”
,,Centro Hidrometeorológico Regional Boca del Río
,,Estación de Radiosondeo
,,Observatorio Meteorológico de Orizaba
,,Observatorio Meteorológico de Veracruz
,,Observatorio Meteorológico de Tuxpam
,,Observatorio Meteorológico de Coatzacoalcos
,Dirección de Infraestructura Hidroagrícola,"Distrito de Temporal Técnificado 003, Tesechoacan"
,,"Distrito de Riego 082, Río Blanco, Modulo Joachin"
,,Dirección
,,Coordinaciónde Distritos y Unidades de Riego
,,Brigada de Protección a la Infraestructura y Atención a Emergencias
,Dirección de Agua Potable Drenaje y Saneamiento,Dirección
,,Residencia Especializada de Mantenimiento y Conservación.
,,Residencia General Acueducto Uxpanapa - La Cangrejera
,,Residencia de Obr Electromecanica
,,Planta de Bombeo número 1
,,Planta de Bombeo número 2
,,Planta de Bombeo número 3
,Dirección de Administración del Agua,Dirección
,,Centro Integral de Servicios
,,Servicios a Usuarios
,,Titulación y Registro
,,Inspección y Medición
,,Ventanilla Única de Coatzacoalcos
,,Ventanilla Única de Orizaba
,,Ventanilla Única de Tuxpam
,,Ventanilla Única de Ciudad Alemán
,,Archivo de Administración del Agua
,Dirección de Asuntos Jurídicos,Dirección
,,Tenencia de la Tierra y Patrimonio Inmobiliario
,,Consultivo y Transparencia y Acceso a la Información
,Dirección de Administración,Dirección
,,Recursos Materiales
,,Recursos Financieros
,,Programación y Presupuesto
,,Tecnología de la Información y Comunicaciones
,Dirección de Recaudación y Fiscalización,Dirección
,,Recaudación y Control
,Organo Interno de Control,Dirección
,,Auditoría
Organismo de Cuenca Noroeste ,Dirección General,
,Dirección de Administración,Personal
,,Recursos Financieros
,,Recursos Materiales
,,Tecnologías de la Información
,"Dirección de Agua Potable, Drenaje y Saneamiento",
,Dirección Técnica,Servicio Meteorologico Nacional
,,Laboratorio Calidad del Agua
,,Observatorio de Hermosillo
,,Observatorio de Obregón
,,Observatorio de Empalme
,,Observatorio de Puerto Peñasco
,,Observatorio de Altar 
,,Observatorio de Nacozari
,,Meteorología OCNO
,Dirección de Administración del Agua,Consejos  de  Cuenca
,Dirección de Asuntos Juridicos,
,Dirección de Administración del Agua,Dictaminación
,,Inspección y Medición
,,Calificacion de infracciones 
,,Ventanilla
,,Ventanilla
,Dirección de Recaudación y Fiscalización,
,Dirección de Infraestructura Hidroagricola,CRAE Y PIAE
,,PIAE
,,Distrito de Riego 051
,,Distrito de Riego 084 Valle de Guaymas
,,Distrito de Riego 018 Colonias Yaquis
,,Distrito de Riego 041 Río Yaqui
,,Residencia General Valle del Yaqui
,,Distrito de Riego 038 Río Mayo
,,Residencia General Fuerte Mayo
,,Distrito de Riego 037 Altar Pitiquito
Organismo de Cuenca Península de Baja California ,Dirección General ,Dirección General 
,Dirección de Asuntos juridicos ,Dirección 
,,Departamento de lo Consultivo 
,,Departamento de Asuntos Penales 
,,Departamento de Asuntos Civiles y Contratos
,,Departamento de Asuntos de Rec de Revision y Rec Admiistrativos
,Dirección Técnica ,Dirección 
,,Departamento de Aguas Superficiales 
,,Departamento de Aguas Subterraneas
,,Departamento de Saneamiento y Calidad del Agua 
,,Departamento de Servicio Metereologico Nacional 
,,Departamento del Sistema de Información Geografica del Agua 
,,Observatorio Metereologico Nuevo Leon 
,,Observatorio Metereologico San Felipe 
,Dirección de Administración del Agua ,Dirección 
,,Departamento de Titulación 
,,Departamento de Medición e Inspección
,,Departamento de Servicios a Usuarios 
,,Departamento de Dictaminación 
,Dirección de Administración ,Dirección 
,,Recursos Financieros 
,,Recursos Materiales
,,Recursos Humanos 
,,Coordinación de Tecnologías de la Información y Comunicaciones 
,Dirección de Fiscalización y Recaudación ,Dirección 
,,Departamento de Liquidación 
,,Departamento de Fiscalización
,Dirección de Agua Potable y Saneamiento ,Dirección 
,,Programa PAS y PRODER
,,Departamento de Revisión y Validación Técnica de Proyectos 
,,Departamento de Organismos Operadores 
,,Departamento de Avance Fisico y Financiero de Obras 
,Dirección de Infraestructura Hidroagrícola,Dirección 
,,Departamento de Estudios y Proyectos 
,,Departamento deOperación y Coservación de Presas y Plantas de Bombeo 
,,Presa El Carrizo 
,,Presa Emilio Lopez Zamora 
,Distrito de Riego 014 Río Colorado ,Unidad de Hidrometria 
,,Represo 4+100
,,Almacen de Pozos 
,,Segunda Unidad km 43 
,,Tercera Unidad km 57 
,,Represo Galeana 
,,Represo Matamoros 
,Oficinas Auxiliares de Tijuana ,Oficinas Auxiliares de Tijuana 
,Oficinas auxiliares de Ensenada ,Oficinas auxiliares de Ensenada 
Organismo de Cuenca Pacífico Norte,Dirección General,
,Dirección de Administración,Recursos Materiales
,,Personal
,,Financieros
,,Informática
,Dirección de Administración del Agua,CIS
,,Dictaminación
,,Medición e Inspección
,,Ventanilla Mazatlán
,Dirección Técnica,Aguas Superficiales
,,Aguas Subterraneas
,,Observatorio Mazatlán
,,Observatorio Choix
,,Observatorio Culiacán
,,Laboratorio Culiacán
,,Radar Guasave
,Dirección de Infraestructura Hidroagrícola,Operación de Distritos de Riego
,,Conservación de Distritos de Riego
,,Apoyo a la Infraestructura Hidroagrícola
,,Rehabilitacion de Presas
,,Distrito de Riego 010 (Culiacán)
,,Distrito de Riego 076 (Carrizo)
,,Distrito de Riego 075 (Los Mochis)
,,Distrito de Riego 063 (Guasave)
,,Distrito de Riego 074 (Guamuchil)
,,Distrito de Riego 109 (Eldorado)
,,Distrito de Riego 108 (La Cruz)
,,Distrito de Riego 111 (Villa Unión)
,,V Unidad Distrito de Riego 010 Angostura
,,I Unidad del Distrito de Riego 010 Navolato
,,IV Unidad del Distrito de Riego 010 El Tamarindo
,,BPIAE
,,CRAE Mazatlán
,,CRAE Los Mochis
,Dirección de Agua Potable,Organismos Operadores
,,Agua Limpia y Cultura del Agua
,,Programamas Rurales y Urbanos
,Dirección de Asuntos Jurídicos,Tenencia de la Tierra
,,Contencioso
,,Consultivo
,Dirección de Recaudación y Fiscalización,
,Organo Interno de Control,
Organismo de Cuenca Península de Yucatán,Dirección General,Dirección General
,Dirección de Administración,Dirección de Administración
,,Recursos Materiales
,,Recursos Financieros
,,Personal
,,TICS
,Dirección de Infraestructura Hidroagrícola,Dirección de Infraestructura Hidroagrícola
,, Unidades de Riego de Yucatán
,,Apoyo Operativo 
,Dirección de Administración del Agua,Dirección de Administración del Agua
,,Ventanilla Unica
,,Dictaminación
,,Visitas de Inspección
,,Calificación de Infracciones
,Dirección de Asuntos Jurídicos,Dirección de Asuntos Jurídicos
,"Dirección de Agua Potable, Drenaje y Saneamiento","Dirección de Agua Potable, Drenaje y Saneamiento"
,,Prodder Y Proagua
,,Acciones De Desinfeccion Y Prosanear
,,Convocatorias Y Expedientes De Obra 
,,Estudios Proyectos
,Dirección de Recaudación y Fiscalizacion,Dirección de Recaudación y Fiscalizacion
,,Recaudación
,,Fiscalización
,Dirección Técnica,Dirección Técnica
,,Aguas Superficiales
,,Aguas Subterráneas
,,Calidad del Agua
,,Laboratorio Regional de Calidad del Agua
,,Meteorologia
,"Consejos de Cuenca, Planificación Hídrica y Comunicación Social","Consejos de Cuenca, Planificación Hídrica y Comunicación Social"
,Protección a Infraestructura y Atención de Emergencias (PIAE),Protección a Infraestructura y Atención de Emergencias (PIAE)
,Dirección de Infraestructura Hidroagrícola,Distrito de Riego 048 Oxkutzcab.
,,Distrito de Temporal Tecnificado 024 Zona Sur de Yucatán
,,Distrito de Temporal Tecnificado 008 Oriente de Yucatán
,Dirección Técnica,Observatorio Mérida
,,Observatorio Progreso
,,Observatorio Valladolid
DIRECCIÓN LOCAL TLAXCALA,OFICINA DE DIRECCIÓN,DESPACHO DE DIRECCIÓN
,SUBDIRECCIÓN DE ENLACE ADMINISTRATIVO,DEPARTAMENTO DE RECURSOS HUMANOS
,,DEPARTAMENTO DE RECURSOS MATERIALES
,,DEPARTAMENTO DE RECURSOS FINANCIEROS
,,TECNOLOGIAS DE LA INFORMACIÓN Y COMUNICACIONES
,UNIDAD JURIDICA,DESPACHO DE UNIDAD JURIDICA
,SUBDIRECCIÓN DE ADMINISTRACIÓN DEL AGUA,INSPECCIÓN Y MEDICIÓN
,,CALIFICACIÓN DE INFRACCIONES Y ANALISIS DE INFORMACIÓN
,,OFICINA DE SUBDIRECCIÓN
,,CENTRO INTEGRAL DE SERVICIOS
,,DICTAMINACIÓN Y TITULACIÓN
,SUBDIRECCIÓN TÉCNICA,OFICINA DE SUBDIRECCIÓN
,,AREA TÉCNICA
,,"AREA DE AGUA POTABLE, DRENAJE Y SANEAMIENTO"
,,OBSERVATORIO METEOROLÓGICO DE TLAXCALA
,UNIDAD DE RECAUDACIÓN,OFICINA DE RECAUDACIÓN
,SUBDIRECCIÓN DE INFRAESTRUCTURA HIDROAGRICOLA,DISTRITO DE RIEGO 056 ATOYAC-ZAHUAPAN
,"SUBDIRECCIÓN DE CONSEJOS DE CUENCA, GESTION SOCIAL Y ATENCION A EMERGENCIAS",CONSEJOS DE CUENCA
,,PROTECCIÓN A LA IFRAESTRUCTURA
