ID,Ciudad,Estado,C.P,Dirección
"Oficinas Centrales - Insurgentes Sur No. 2416, Col. Copilco El Bajo",CDMX,CDMX,"04340,","Insurgentes Sur No. 2416, Col. Copilco El Bajo, Alc. Coyoacán, C.P. 04340, CDMX."
"Oficinas Centrales - Av. Adolfo López Mateos S/N, Vaso Regulador “El Cristo”, Tlalnepantla de Baz, Estado de México",Tlalnepantla de Baz,Estado de México,54090,"Av. Adolfo López Mateos S/N, Vaso Regulador “El Cristo”, Tlalnepantla de Baz, Estado de México."
"Oficinas Centrales - Av. San Bernabé No. 549, Col. San Jerónimo Lídice, Alcaldía La Magdalena Contreras",CDMX,CDMX,10200,"Av. San Bernabé No. 549, Col. San Jerónimo Lídice, Alcaldía La Magdalena Contreras, CP. 10200, Ciudad de México."
Oficinas Centrales - Centro de Visitantes del Parque Ecológico Lago de Texcoco – Kilómetro 7.5 de la Autopista Peñón – Texcoco,Texcoco,Estado de México,56267,"Centro de Visitantes del Parque Ecológico Lago de Texcoco – Kilómetro 7.5 de la Autopista Peñón – Texcoco, Estado de México."
"Oficinas Centrales - Fernando Villalpando No. 110, P.B., Col. Guadalupe Inn, Alc. Alvaro Obregón",CDMX,CDMX,"01020,","Fernando Villalpando No. 110, P.B., Col. Guadalupe Inn, Alc. Alvaro Obregón, C.P. 01020. CDMX."
"Coordinación General del Servicio Meteorológico Nacional - Av. Observatorio 192, Col. Observatorio",CDMX,CDMX,11860,"Av. Observatorio 192, Col. Observatorio, Alcaldía Miguel Hidalgo, C.P. 11860, CDMX."
Dirección Local Aguascalientes - Av. de la Convención de 1914 Sur No. 402-B,Aguascalientes,Aguascalientes,20270,"Av. de la Convención de 1914 Sur No. 402-B, Fraccionamiento Lindavista, CP. 20270, Aguascalientes, Aguascalientes."
Dirección Local Aguascalientes - Calle Guadalupe Delgado de Lira No. 100,Pabellón de Arteaga,Aguascalientes,20674,"Calle Guadalupe Delgado de Lira No. 100, PB, Col. Progreso Norte, C.P. 20674, Pabellón de Arteaga, Aguascalientes."
Dirección Local Aguascalientes - Calle Tecoexe S/N esq. Carretera a San Luis Potosí,Aguascalientes,Aguascalientes,20263,"Calle Tecoexe S/N esq. Carretera a San Luis Potosí, PB, Fracc. Solidaridad II, C.P. 20263, Aguascalientes, Aguascalientes."
Dirección Local Aguascalientes - Carretera Panamericana Km. 523,Aguascalientes,Aguascalientes,20289,"Carretera Panamericana Km. 523, PB, Fracc. Pilar Blanco,CP. 20289, Aguascalientes, Aguascalientes."
"Dirección Local Aguascalientes - Las Arboledas ""La Cortina"" S/N",San José de Gracia,Aguascalientes,20500,"Las Arboledas ""La Cortina"" S/N, Entrada a la Cortina de la Presa ""Plutarco Elias Calles"", PB, C.P. 20500, San José de Gracia, Aguascalientes."
Dirección Local Baja California Sur - Altos de Cerro Prieto S/No.,Cabo San Lucas,Baja California Sur,23472,"Altos de Cerro Prieto S/No., Colonia 4 de Marzo, C.P. 23472, Cabo San Lucas, Baja California Sur."
Dirección Local Baja California Sur - Av. Ayuntamiento S/No.,Cd Loreto,Baja California Sur,23880,"Av. Ayuntamiento S/No., Col. Centro CP. 23880, Cd. Loreto, Baja California Sur."
Dirección Local Baja California Sur - Boulevard Colosio E/ Durango y México. Col. Emiliano Zapata,La Paz,Baja California Sur,23070,"Boulevard Colosio E/ Durango y México. Col. Emiliano Zapata, CP. 23070, La Paz, Baja California Sur."
Dirección Local Baja California Sur - Calle Chiapas 2535 entre Encinas y Legaspy,La Paz,Baja California Sur,23040,"Calle Chiapas 2535 entre Encinas y Legaspy, Col. Los Olivos, C.P. 23040, La Paz, Baja California Sur."
Dirección Local Baja California Sur - Carretera a Bahía Tortugas Km. 8.0,Municipio Mulege,Baja California Sur,23935,"Carretera a Bahía Tortugas Km. 8.0, Ejido Loma Bonita, CP. 23935, Localidad Gustavo Díaz Ordaz, Municipio Mulege, Baja California Sur."
Dirección Local Baja California Sur - Domicilio Conocido S/N,Mulege,Baja California Sur,23920,"Domicilio Conocido S/N, Col. Bella Vista, CP. 23920, Ciudad Santa Rosalía, Municipio Mulege, Baja California Sur."
Dirección Local Baja California Sur - Km. 208 Carretera al Sur,Cd Constitución,Baja California Sur,23739,"Km. 208 Carretera al Sur, Pozos Navojoa Sección 1 CP. 23739, Cd. Constitución, Baja California Sur."
Dirección Local Baja California Sur - México esq. con Bulevar Colosio Col. Emiliano Zapata,La Paz,Baja California Sur,23070,"México esq. con Bulevar Colosio Col. Emiliano Zapata, CP. 23070, La Paz, Baja California Sur."
Dirección Local Baja California Sur - Miguel Hidalgo E/ Boulevard Olachea y Lerdo de Tejada,"Municipio Comondú, Cd Constitución",Baja California Sur,23600,"Miguel Hidalgo E/ Boulevard Olachea y Lerdo de Tejada, Col. Centro CP. 23600, Municipio Comondú, Cd. Constitución, Baja California Sur."
Dirección Local Campeche - Av. Concordia S/N interior de la Zona Naval; Col. Carmelo,San Francisco de Campeche,Campeche,24075,"Av. Concordia S/N interior de la Zona Naval; Col. Carmelo, C.P. 24075, San Francisco de Campeche, Campeche."
Dirección Local Campeche - Av. Pedro Sainz de Baranda S/N; Anexo C,San Francisco de Campeche,Campeche,24014,"Av. Pedro Sainz de Baranda S/N; Anexo C; Col. AH-KIM-PECH; C.P. 24014; San Francisco de Campeche, Campeche."
Dirección Local Campeche - Calle Corregidora con Aldama,Sabancuy Ciudad del Carmen,Campeche,24300,"Calle Corregidora con Aldama, Col Banco de Piedra, C.P. 24300, Sabancuy; Ciudad del Carmen, Campeche."
"Dirección Local Campeche - Calle Zapateros Lote No. 6, Corredor Parque Industrial Siglo XXI",San Francisco de Campeche,Campeche,24095,"Calle Zapateros Lote No. 6; Corredor Parque Industrial Siglo XXI; Col. Multunchac; C.P. 24095, San Francisco de Campeche; Campeche."
Dirección Local Chihuahua - Av. Del Árbol No. 7,Hidalgo del Parral,Chihuahua,33800,"Av. Del Árbol No. 7, Col. Benito Juárez, CP. 33800, Hidalgo del Parral, Chihuahua."
Dirección Local Chihuahua - Av. Juárez S/N y Calle 27,Buenaventura,Chihuahua,31890,"Av. Juárez S/N y Calle 27, Col. El Seguro, CP. 31890, Buenaventura, Chihuahua."
Dirección Local Chihuahua - Av. Universidad No. 3300,Chihuahua,Chihuahua,31310,"Av. Universidad No. 3300, Col. Magisterial, CP. 31310 Chihuahua, Chihuahua."
Dirección Local Chihuahua - Bulevar M. Gómez Morín y Manuel J. Clouthier S/N,Cd Juárez,Chihuahua,32451,"Bulevar M. Gómez Morín y Manuel J. Clouthier S/N, Fracc. El Pensamiento, Col. Los Virreyes, CP. 32451, Cd. Juárez, Chihuahua."
Dirección Local Chihuahua - Calle del Refugio S/N,Temósachi,Chihuahua,31980,"Calle del Refugio S/N, CP. 31980, Temósachi, Chihuahua."
Dirección Local Chihuahua - Calle Independencia y Revolución S/N,Cd Jiménez,Chihuahua,32880,"Calle Independencia y Revolución S/N, Col. López Dávila, CP. 32880, Cd. Jiménez, Chihuahua."
Dirección Local Chihuahua - Calle Manuel Gutiérrez Sáenz y Ramírez S/N,Ciudad Guerrero,Chihuahua,31610,"Calle Manuel Gutiérrez Sáenz y Ramírez S/N, Centro, CP. 31610, Ciudad Guerrero, Chihuahua."
Dirección Local Chihuahua - Calle Primera Norte y Av. Sexta No. 600-A,Cd Delicias,Chihuahua,33000,"Calle Primera Norte y Av. Sexta No. 600-A, Col. Ciudad Delicias Centro, CP. 33000, Cd. Delicias, Chihuahua."
Dirección Local Chihuahua - Canal Principal AltaVista-Ojo Caliente Km. 000 + 300,Cd Camargo,Chihuahua,33601,"Canal Principal AltaVista-Ojo Caliente Km. 000 + 300, CP. 33601, Cd. Camargo, Chihuahua."
Dirección Local Chihuahua - Canal Principal Módulo 1,Cd Ojinaga,Chihuahua,32880,"Canal Principal Módulo 1, Km. 9 + 450, Col. Cañada Ancha, CP. 32880, Cd. Ojinaga, Chihuahua."
Dirección Local Chihuahua - Carretera Chihuahua-Aldama Vía Corta No. 8901,Chihuahua,Chihuahua,31680,"Carretera Chihuahua-Aldama Vía Corta No. 8901, Ejido Tabaloapa, CP. 31680, Chihuahua, Chihuahua."
Dirección Local Chihuahua - Carretera Sueco-Nuevo Casas Grandes S/N,Flores Magón,Chihuahua,31790,"Carretera Sueco-Nuevo Casas Grandes S/N, Col. Centro, CP. 31790, Flores Magón, Chihuahua."
Dirección Local Chihuahua - Km. 2.5 carretera a Casas Grandes,Nuevo Casas Grandes,Chihuahua,31720,"Km. 2.5 carretera a Casas Grandes, Rancho la Riqueña, C.P. 31720, Nuevo Casas Grandes, Chihuahua."
Dirección Local Coahuila - Av. Insurgentes No. 407,Piedras Negras,Coahuila,26070,"Av. Insurgentes No. 407, Col. El Mirador C.P. 26070, Piedras Negras, Coahuila."
Dirección Local Coahuila - Brasil y Argentina S/N,Monclova,Coahuila,25750,"Brasil y Argentina S/N, Col. Guadalupe AHMSA, C.P. 25750, Monclova, Coahuila."
Dirección Local Coahuila - Capitán Leal No. 510,Acuña,Coahuila,26215,"Capitán Leal No. 510, Col. Benito Juárez, C.P. 26215, Acuña, Coahuila."
Dirección Local Coahuila - Carretera 57 Km. 7.5,Coahuila,Coahuila,25294,"Carretera 57 Km. 7.5, Col. el Sauz Saltillo, CP. 25294, Coahuila, Coahuila."
Dirección Local Coahuila - Carretera Zacatecas Km. 7.5,Saltillo Buena Vista,Coahuila,25315,"Carretera Zacatecas Km. 7.5, C.P. 25315, Saltillo Buena Vista, Coahuila."
Dirección Local Coahuila - Pablo Valdez Hernández No. 208,Piedras Negras,Coahuila,26070,"Pablo Valdez Hernández No. 208, Col. Compositores Mexicanos, C.P. 26070, Piedras Negras, Coahuila."
Dirección Local Colima - Av. Carlos de la Madrid Bejar SN,Colima,Colima,28000,"Av. Carlos de la Madrid Bejar SN, Colonia Centro, CP 28000."
Dirección Local Colima - Carretera Colima-Manzanillo a 1.5 km de la caseta de cobro de Cuyutlán,Tecomán,Colima,28350,"Carretera Colima-Manzanillo a 1.5 km de la caseta de cobro de Cuyutlán, Col. Armería, C.P. 28350, Cuyutlán, Colima (18°56' 06.33”N, 104°06' 02.55”O)."
"Dirección Local Colima - Domicilio Conocido, Presa Basilio Vadillo",Ejutla,Colima,48680,"Domicilio Conocido, Presa Basilio Vadillo, Mpio Ejutla, C.P. 48680, (19° 54' 57.67” N, 104° 03' 40.58”O)."
"Dirección Local Colima - Domicilio Conocido, Presa Troje",Coalcamán,Colima,49870,"Domicilio Conocido, Presa Troje, Carretera Colima-Coalcamán km. 29, C.P. 49870, (18° 58' 14.45” N, 103° 23' 49.44” O)."
Dirección Local Colima - Fco. I. Madero S/N Esq. Calle 9,Manzanillo,Colima,28270,"Fco. I. Madero S/N Esq. Calle 9, Unidad Habitacional Padre Hidalgo, C.P. 28270, Manzanillo, Colima (19°02' 40.05” N, 104°19' 07.12” O)."
Dirección Local Durango - Av. 20 noviembre No. 114,Tepehuanes,Durango,35600,"Av. 20 noviembre No. 114, Col. Nueva Esperanza, CP. 35600, Tepehuanes, Durango."
Dirección Local Durango - Av. De Hierro S/N,Durango,Durango,34210,"Av. De Hierro S/N, Col. Cd. Industrial, CP. 34210, Durango, Durango."
Dirección Local Durango - Bulevar. Francisco Villa Km 5.5,Durango,Durango,34210,"Bulevar. Francisco Villa Km 5.5, Edificio SAGARPA, Col. Ciudad Industrial, CP. 34210, Durango, Durango."
Dirección Local Durango - Edificio Palacio Federal,Durango,Durango,34208,"Edificio Palacio Federal, Av. Cobalto S/N, Col. Cd. Industrial, CP. 34208, Durango, Durango."
Dirección Local Estado de México - Av. Guerrero No. 30,Jilotepec,Estado de México,54240,"Av. Guerrero No. 30, Col. Centro, CP. 54240, Jilotepec, Estado de México."
Dirección Local Estado de México - Av. Manuel Acuña No. 9,Atlacomulco,Estado de México,50450,"Av. Manuel Acuña No. 9, Col. Centro, CP. 50450, Atlacomulco, Estado de México."
Dirección Local Estado de México - Avenida Estado de México No. 2301,Metepec,Estado de México,52148,"Avenida Estado de México No. 2301, Oriente, Col. Llano Grande, CP. 52148, Metepec, Estado de México."
Dirección Local Estado de México - Campamento el Huérfano S/N,Tecámac,Estado de México,55000,"Campamento el Huérfano S/N, San Francisco Cuatlixca, CP. 55000, Tecámac, Estado de México."
Dirección Local Estado de México - Km. 22.77 Carretera Reyes Apaxco,Tequixquiac,Estado de México,55650,"Km. 22.77 Carretera Reyes Apaxco, Barrio de San Miguel, Tequixquiac, Estado de México."
Dirección Local Estado de México - Paseo Adolfo López Mateos Km. 4.5,San Miguel Zinacantepec,Estado de México,51356,"Paseo Adolfo López Mateos Km. 4.5, Barrio de la Veracruz, Linda Vista, Conjunto SAGARPA, CP. 51356, San Miguel Zinacantepec, Estado de México."
Dirección Local Guanajuato - Calle Hacienda de Santiago #314,Celaya,Guanajuato,38110,"Calle Hacienda de Santiago #314, Colonia Primera Fracción de la Hacienda de Crespo, cp: 38110, Celaya Guanajuato."
Dirección Local Guanajuato - Calle Mina Norte Núm. 308,Abasolo,Guanajuato,36970,"Calle Mina Norte Núm. 308, C.P. 36970, Abasolo, Guanajuato."
Dirección Local Guanajuato - Carretera Federal Libre Celaya-Salamanca Km 86+250,Salamanca,Guanajuato,SCP,"Carretera Federal Libre Celaya-Salamanca Km 86+250, Salamanca, Guanajuato."
Dirección Local Guanajuato - Carretera Irapuato - salamanca no. 5690 ex hacienda de Buenavista,Irapuato,Guanajuato,36542,"Carretera Irapuato - salamanca no. 5690 ex hacienda de Buenavista, Irapuato, Guanajuato. Cp. 36542."
Dirección Local Guanajuato - Dom. Conocido en el Km. 4.250 de la carretera San Miguel de Allende-Celaya,Celaya,Guanajuato,37898,"Dom. Conocido en el Km. 4.250 de la carretera Entronque San Miguel de Allende-Celaya a la ciudad de Guanajuato, C.P. 37898,."
Dirección Local Guanajuato - Dom. Conocido en instalaciones de la Presa Solís,Acámbaro,Guanajuato,38750,"Dom. Conocido en instalaciones de la Presa Solís, Km. 7 de la carretera Acámbaro-Jerécuaro, C.P. 38750, Acámbaro, Guanajuato."
"Dirección Local Guanajuato - Domicilio Conocido al noroeste de las comunidades del ""Zangarro""",Guanajuato,Guanajuato,SCP,"Domicilio Conocido al noroeste de las comunidades del ""Zangarro"" y al noreste de ""San José de Llanos Mpio de Guanajuato, Guanajuato."
Dirección Local Guanajuato - Plaza Hidalgo No. 1-A,Guanajuato,Guanajuato,36000,"Plaza Hidalgo No. 1-A, Edif. Copieg, Col. Centro, C.P. 36000 Guanajuato, Guanajuato."
Dirección Local Guerrero - Aeropuerto de Chilpancingo. Autopista del Sol Km. 218,Chilpancingo,Guerrero,39016,"Aeropuerto de Chilpancingo. Autopista del Sol Km. 218, a un costado del Hangar, C.P. 39016, Chilpancingo, Guerrero (17°34’26.15” N, 99°31’01.60” O)."
Dirección Local Guerrero - Aeropuerto Internacional de Acapulco,Acapulco,Guerrero,39931,"Aeropuerto Internacional de Acapulco, Juan N. Álvarez, C.P. 39931, Acapulco, Guerrero (16°54'24.60” N, 99°59’05.90” O)."
Dirección Local Guerrero - Av. Rey Irepán No. 11001,Altamirano,Guerrero,40662,"Av. Rey Irepán No. 11001, Oriente, Col. Vicente Guerrero, C.P. 40662, Altamirano, Guerrero. (18°21'28.76 N, 100°39’58.67” O)."
Dirección Local Guerrero - Av. Ruffo Figueroa No. 2,Chilpancingo,Guerrero,39090,"Av. Ruffo Figueroa No. 2, Col Burócratas. C.P. 39090. Chilpancingo, Guerrero. (17°31'37.93” N, 99°29'08.31” O)."
Dirección Local Guerrero - Av. Sur No.1 Col. Insurgentes,Iguala de la Independencia,Guerrero,40030,"Av. Sur No.1 Col. Insurgentes, C.P. 40030, Iguala de la Independencia, Guerrero. (18°21'21.02” N, 99°32’13.98'' O)."
Dirección Local Guerrero - Boulevard Vicente Guerrero Km. 270.5,Chilpancingo,Guerrero,39080,"Boulevard Vicente Guerrero Km. 270.5 (Autopista México-Acapulco) Col. Universal C.P. 39080 Chilpancingo, Guerrero. (17°30'54.61” N, 99°28’53.66” O)."
Dirección Local Guerrero - Carretera Acapulco-Pinotepa Nacional Km. 202,Cuajinicuilapa,Guerrero,41940,"Carretera Acapulco-Pinotepa Nacional Km. 202, Col. Centro, C.P. 41940, Cuajinicuilapa, Guerrero. (16°30’50” N, 98°31'50'' O)."
Dirección Local Guerrero - Carretera Nacional Las Vigas Pinotepa S/N,Municipio de San Marcos,Guerrero,39990,"Carretera Nacional Las Vigas Pinotepa S/N, Campamento CNA, C.P. 39990, Domicilio Conocido Las Vigas, Municipio de San Marcos, Guerrero."
Dirección Local Guerrero - Palacio Federal Av. Costera Miguel Alemán 315,Acapulco,Guerrero,39300,"Palacio Federal Av. Costera Miguel Alemán 315, Centro, 39300 Acapulco de Juárez, Gro (16.849341100287862, -99.90608151193207)."
Dirección Local Guerrero - Prolongación Insurgentes S/N,Atoyac de Álvarez,Guerrero,40930,"Prolongación Insurgentes S/N, Col. Silvestre G. Mariscal, C.P. 40930, Atoyac de Álvarez, Guerrero. (17°12’28.62” N, 100°25'58.25” O)."
Dirección Local Hidalgo - Avenida 16 de septiembre y Tecali s/n,Tulancingo de Bravo,Hidalgo,43650,"Avenida 16 de septiembre y Tecali s/n, Colonia Guadalupe Cuarta Sección, CP. 43650, Tulancingo de Bravo Hidalgo."
Dirección Local Hidalgo - Calle Arboledas s/n,Pachuca de Soto,Hidalgo,42092,"Calle Arboledas s/n, esquina cerrada La Paz, Colonia Zona Industrial, CP. 42092, Pachuca de Soto Hidalgo."
Dirección Local Hidalgo - Camino Real de la Plata No. 429,Pachuca de Soto,Hidalgo,42084,"Camino Real de la Plata No. 429, lote 75, Manzana 2, Fraccionamiento Zona Plateada, CP. 42084, Pachuca de Soto Hidalgo."
Dirección Local Hidalgo - Carretera Huejutla-Chalahuiyapan Km 3.5,Huejutla,Hidalgo,43000,"Carretera Huejutla-Chalahuiyapan Km 3.5, Col. Corral Blanco, CP. 43000, Huejutla Hidalgo, Planta Baja."
Dirección Local Hidalgo - Carretera Tulancingo-Cuautepec Km 7.5,Cuautepec,Hidalgo,43740,"Carretera Tulancingo-Cuautepec Km 7.5, Colonia Tepantitla, CP. 43740, Cuautepec Hidalgo."
Dirección Local Hidalgo - Felipe Ángeles No. 9,Ixmiquilpan,Hidalgo,42300,"Felipe Ángeles No. 9, Colonia Centro, CP. 42300, Ixmiquilpan Hidalgo, Planta Baja."
Dirección Local Hidalgo - Juárez y Reforma No. 1,Mixquiahuala,Hidalgo,42700,"Juárez y Reforma No. 1, Colonia Centro, CP. 42700, Mixquiahuala Hidalgo."
Dirección Local Hidalgo - Leona Vicario No. 1,Mixquiahuala,Hidalgo,42700,"Leona Vicario No. 1, Colonia Centro, CP. 42700, Mixquiahuala Hidalgo, Planta Baja."
Dirección Local Hidalgo - Tlaloc No. 1,Metztitlán,Hidalgo,43350,"Tlaloc No. 1, Colonia Centro, CP. 43350, Metztitlán Hidalgo."
Dirección Local Hidalgo - Valle de San Javier 727,Pachuca de Soto,Hidalgo,42086,"Valle de San Javier 727, Sección 1, Fraccionamiento Valle de San Javier, CP. 42086, Pachuca de Soto, Hidalgo."
Dirección Local Michoacán - Av. Acueducto No. 3626,Morelia,Michoacán,58279,"Av. Acueducto No. 3626, Col. Ejidal Ocolusen, CP. 58279, Morelia, Michoacánoacán."
Dirección Local Michoacán - Av. Capitán Carlos Rovirosa,Morelia,Michoacán,58148,"Av. Capitán Carlos Rovirosa, No. 1565, Col. Tierra y Libertad, CP. 58148, Morelia, Michoacán."
Dirección Local Michoacán - Av. Circunvalación Lázaro Cárdenas S/N,las Guacamayas,Michoacán,60990,"Av. Circunvalación Lázaro Cárdenas S/N, Col. Campamento Obrero, CP. 60990, las Guacamayas, Michoacán."
Dirección Local Michoacán - Av. Francisco I. Madero,Michoacán,Michoacán,60640,"Av. Francisco I. Madero, Esq. Lázaro Cárdenas, S/N, Col. Morelos CP. 60640 Apatzingán, Michoacán."
Dirección Local Michoacán - Calle Heber Soto Fierro No. 275,Michoacán,Michoacán,58120,"Calle Heber Soto Fierro No. 275 Col. Lomas de Santiaguito CP. 58120 Morelia, Michoacán."
Dirección Local Michoacán - Calle Hidalgo Sur No. 126-A Col. La Regadera,Ciudad Hidalgo,Michoacán,61160,"Calle Hidalgo Sur No. 126-A Col. La Regadera, CP. 61160, Ciudad Hidalgo, Michoacán."
Dirección Local Michoacán - Calle Medino Rábago No. 3,Michoacán,Michoacán,59254,"Calle Medino Rábago No. 3 Col. El Guamúchil Grande CP. 59254 Yurécuaro, Michoacán."
Dirección Local Michoacán - Calle Vasco de Quiroga No. 6,Maravatío,Michoacán,61250,"Calle Vasco de Quiroga No. 6, Col. Centro, CP. 61250, Maravatío, Michoacán."
Dirección Local Michoacán - Calle Virrey de Mendoza No. 502 Fraccionamiento Las Fuentes,Zamora,Michoacán,59690,"Calle Virrey de Mendoza No. 502 Fraccionamiento Las Fuentes, Esquina con Avenida del Árbol, CP. 59690, Zamora, Michoacán."
Dirección Local Michoacán - Carretera Sahuayo Venustiano Carranza No. 1400,Michoacán,Michoacán,59000,"Carretera Sahuayo Venustiano Carranza No. 1400 Col. Paso de las Águilas C.P. 59000 Sahuayo, Michoacán."
Dirección Local Michoacán - K.M. 3.5 Carretera Zamora-La Barca,Zamora,Michoacán,59690,"K.M. 3.5 Carretera Zamora-La Barca, S/N, Col. La Floresta CP. 59690, Zamora, Michoacán."
Dirección Local Michoacán - Km 1.5 Carretera Tepalcatepec Apatzingán,Tepalcatepec,Michoacán,60540,"Km 1.5 Carretera Tepalcatepec Apatzingán, Col. Camelinas, CP. 60540, Tepalcatepec, Michoacán."
Dirección Local Michoacán - Km. 7 Carretera Antigua a Pátzcuaro,Morelia,Michoacán,SCP,"Km. 7 Carretera Antigua a Pátzcuaro, S/N, Presa Cointzio, Morelia, Michoacán."
Dirección Local Nayarit - Avenida Insurgentes No. 1050,Tepic,Nayarit,63150,"Avenida Insurgentes No. 1050, Oriente, Col. José María Menchaca, CP. 63150, Tepic, Nayarit."
"Dirección Local Nayarit - Domicilio Conocido, Campamento SARH",San Juan de Abajo,Nayarit,63730,"Domicilio Conocido, Campamento SARH, San Juan de Abajo, C.P. 63730."
Dirección Local Nayarit - Ignacio Manuel Altamirano No. 347,Tepic,Nayarit,63040,"Ignacio Manuel Altamirano No. 347, Planta Baja, Ala Norte, Col. Magistral, CP. 63040, Tepic, Nayarit."
Dirección Local Nayarit - Río Colorado No. 130,Tepic,Nayarit,63185,"Río Colorado No. 130, Col. Los Fresnos, Planta Baja, Ala Norte CP. 63185, Tepic, Nayarit."
Dirección Local Puebla - 1 oriente sin número,Tehuacán,Puebla,75700,"1 oriente sin número, Palacio Federal, Col. Centro, C.P. 75700, Tehuacán, Pue. (18°27'42.78’’ N, 97°23'33.04’’ O) Planta Baja."
Dirección Local Puebla - Boulevard México 68,Puebla,Puebla,72300,"Boulevard México 68, No. 5020, Col. México 68, C.P. 72300, Puebla, Puebla. (19°03'17.91"" N, 98°09'46.81"" O)."
Dirección Local Puebla - Calle 9 Poniente S/N,Tecamachalco,Puebla,75480,"Calle 9 Poniente S/N, Col. Barrio de San Sebastián, C.P. 75480, Tecamachalco, Puebla. (18°52'58.95'' N, 97°44'02.16'' O) Planta Baja."
Dirección Local Puebla - Circuito Juan Pablo II No.505,Puebla,Puebla,72440,"Circuito Juan Pablo II No.505, Col Residencial Boulevares, C.P. 72440 Puebla, Puebla. (19°01'25.68'' N, 98°12'57.02'' O)."
Dirección Local Querétaro - Hacienda Santillán No. 119,Querétaro,Querétaro,76187,"Hacienda Santillán No. 119, Col. El Jacal, CP. 76187, Querétaro, Querétaro."
Dirección Local Querétaro - Av. Colinas del Cimatario S/N,Colinas del Cimatario,Querétaro,76060,"Av. Colinas del Cimatario S/N, CP. 76060, Colinas del Cimatario."
Dirección Local Querétaro - Av. Hidalgo No. 36,San Juan del Río,Querétaro,76800,"Av. Hidalgo No. 36, Col. Centro, CP. 76800, San Juan del Río, Querétaro."
Dirección Local Querétaro - Hacienda Santillán No. 119,Querétaro,Querétaro,76187,"Hacienda Santillán No. 119, Col. El Jacal, CP. 76187, Querétaro, Querétaro."
Dirección Local Quintana Roo - Av. Santiago pacheco cruz s/n,Felipe carrillo puerto,Quintana Roo,77259,"Av. Santiago pacheco cruz s/n, esquina calle 54, colonia Javier rojo Gómez, cp. 77259, Felipe carrillo puerto, municipio Felipe carrillo puerto, quintana roo."
Dirección Local Quintana Roo - Avenida Universidad No. 510,Chetumal,Quintana Roo,77018,"Avenida Universidad No. 510, Esquina Benjamín Hill, Col. Nueva Reforma, CP. 77018, Chetumal, Quintana Roo."
Dirección Local Quintana Roo - Km 16.5 de la carretera Cancún – Chetumal,Cancún,Quintana Roo,77580,"Km 16.5 de la carretera Cancún – Chetumal, c.p.77580, Cancún, quintana roo."
Dirección Local Quintana Roo - Km 2.5 de la Carretera Antigua a Santa Elena,Chetumal,Quintana Roo,77050,"Km 2.5 de la Carretera Antigua a Santa Elena, Fraccionamiento la Herradura, CP. 77050, Chetumal, Municipio Othon P Blanco , Quintana Roo."
Dirección Local Quintana Roo - Km. 0+000 del Boulevard Kukulkán,Cancún,Quintana Roo,77500,"Km. 0+000 del Boulevard Kukulkán, C.P. 77500, Cancún, Quintana Roo."
Dirección Local San Luis Potosí - Av. Francisco I. Madero Sur No. 123,Matlapa,San Luis Potosí,79970,"Av. Francisco I. Madero Sur No. 123, Matlapa Centro, Barrio San Agustín, C.P. 79970, Matlapa, San Luis Potosí."
Dirección Local San Luis Potosí - Av. Himno Nacional No. 2032,San Luis Potosí,San Luis Potosí,78269,"Av. Himno Nacional No. 2032, Fraccionamiento Tangamanga, C.P. 78269, San Luis Potosí, San Luis Potosí."
Dirección Local San Luis Potosí - Av. Sindicatos No. 100,San Luis Potosí,San Luis Potosí,78395,"Av. Sindicatos No. 100, Col. Zona Industrial, C.P. 78395, San Luis Potosí, San Luis Potosí."
Dirección Local San Luis Potosí - Calle Molinos No. 1000,Cd Fernández,San Luis Potosí,79615,"Calle Molinos No. 1000, Col. Casablanca, C.P. 79615, Cd. Fernández, San Luis Potosí."
Dirección Local San Luis Potosí - Carretera Valles-Tampico Km. 80,Ébano,San Luis Potosí,79183,"Carretera Valles-Tampico Km. 80, Col. Campamento SARH, C.P. 79183, Ébano, San Luis Potosí."
Dirección Local San Luis Potosí - Fray Diego de la Magdalena S/N,San Luis Potosí,San Luis Potosí,78140,"Fray Diego de la Magdalena S/N, Parque Tangamanga No. 2, Col. Industrial Aviación, C.P. 78140, San Luis Potosí, San Luis Potosí."
Dirección Local San Luis Potosí - Progreso No. 200,Cd Valles,San Luis Potosí,79080,"Progreso No. 200, Col. Rotarios, C.P. 79080, Cd. Valles, San Luis Potosí."
Dirección Local San Luis Potosí - Prolongación Jimenez No. 603 esquina Rayón,Río verde,San Luis Potosí,79610,"Prolongación Jimenez No. 603 esquina Rayón, Col. Centro, C.P. 79610, Río verde, San Luis Potosí."
Dirección Local Tlaxcala - Av. Leonarda Gomez Blanco S/N . Col Adolfo Lopez Mateos,Tlaxcala,Tlaxcala,90040,"Av. Leonarda Gomez Blanco S/N . Col Adolfo Lopez Mateos, Tlaxcala, Tlaxcala. Planta Baja."
Dirección Local Tlaxcala - Calle 8 No. 703,Tlaxcala,Tlaxcala,90062,"Calle 8 No. 703, Colonia La Loma Xicohtencatl, Tlaxcala, Tlaxcala C.P 90062."
Dirección Local Tlaxcala - Calle Morelos No. 44 Ocotlán Tlaxcala,Tlaxcala,Tlaxcala,90100,"Calle Morelos No. 44 Ocotlán Tlaxcala, Tlaxcala, C.P. 90100."
Dirección Local Zacatecas - Avenida Secretaría de la Defensa Nacional No. 90,Guadalupe,Zacatecas,98604,"Avenida Secretaría de la Defensa Nacional No. 90, Zona Industrial, Guadalupe, Zacatecas, CP. 98604."
Dirección Local Zacatecas - C. Galeana No. 5,Rio Grande,Zacatecas,98400,"C. Galeana No. 5, Col Centro, Rio Grande, Zacatecas, CP. 98400. 2° piso."
Dirección Local Zacatecas - C. Palma S/N,Sombrerete,Zacatecas,99100,"C. Palma S/N, Cerro de la Urbaneja, Sombrerete, Zacatecas, CP. 99100."
Dirección Local Zacatecas - C. Sanchez Román No. 26,Tlaltenango,Zacatecas,99700,"C. Sanchez Román No. 26, Col Centro, Tlaltenango, Zacatecas, CP. 99700."
Dirección Local Zacatecas - Domicilio Cerro de la Bufa,Zacatecas,Zacatecas,98600,"Domicilio Cerro de la Bufa, Zacatecas, Zacatecas, CP. 98600."
Organismo de Cuenca Aguas del Valle de México - Autopista Peñon-Texcoco Km. 4.5 (Centro del Lago),Texcoco,Estado de México,56100,"Autopista Peñon-Texcoco Km. 4.5, C.P. 56100, Texcoco, Estado de México."
Organismo de Cuenca Aguas del Valle de México - Autopista Peñon-Texcoco Km. 4.5 (Planta Aguas Residuales),Texcoco,Estado de México,56530,"Autopista Peñon-Texcoco Km. 4.5, C.P. 56530, Texcoco, Estado de México."
Organismo de Cuenca Aguas del Valle de México - Autopista Peñon-Texcoco Km. 5.4,Texcoco,Estado de México,56100,"Autopista Peñon-Texcoco Km. 5.4, Zona Federal del Ex-Lago de Texcoco Estado de México."
Organismo de Cuenca Aguas del Valle de México - Av. Acueducto S/N Colonia La Panorámica,San Cristóbal Ecatepec,Estado de México,55036,"Av. Acueducto S/N Colonia La Panorámica, C.P. 55036, San Cristóbal Ecatepec Estado de México."
Organismo de Cuenca Aguas del Valle de México - Av. Chiapas S/N,Ecatepec,Estado de México,54190,"Av. Chiapas S/N, esquina Dr., Jimenez Cantu, Colonia Constitución de 1917, Ecatepec Estado de México."
Organismo de Cuenca Aguas del Valle de México - Av. Dr. Jorge Jimenez Cantu S/N,Atizapán de Zaragoza,Estado de México,52989,"Av. Dr. Jorge Jimenez Cantu S/N, Colonia Nuevo Madin, C.P. 52989, Atizapán de Zaragoza, Estado de México."
Organismo de Cuenca Aguas del Valle de México - Av. El Huérfano #10,Tecámac,Estado de México,55760,"Av. El Huérfano #10, Colonia San Francisco Cuautliquixca, C.P. 55760, Tecámac, Estado de México."
Organismo de Cuenca Aguas del Valle de México - Av. José Loreto Fabela 850,CDMX,CDMX,"07950,","Avenida José Loreto Fabela 850, Colonia San Juan de Aragón, Alcaldía Gustavo A. Madero, C.P. 07950, Ciudad de México."
Organismo de Cuenca Aguas del Valle de México - Av. México S/N Col. Dos Rios,Huixquilucan,Estado de México,52790,"Av. México S/N Col. Dos Rios, C.P. 52790, Huixquilucan, Estado de México."
Organismo de Cuenca Aguas del Valle de México - Av. Recursos Hidráulicos No. 23,Ecatepec,Estado de México,55040,"Av. Recursos Hidráulicos No. 23, Colonia Ejidos de San Cristóbal, C.P. 55040, Ecatepec, Estado de México."
Organismo de Cuenca Aguas del Valle de México - Av. Río Churubusco No. 650,CDMX,CDMX,"08040,","Av. Río Churubusco No. 650, Colonia Carlos Zapata Vela, Alcaldía Iztacalco, C.P. 08040, Ciudad de México."
Organismo de Cuenca Aguas del Valle de México - Calle 10 de Junio S/N,Tultepec,Estado de México,54990,"Calle 10 de Junio S/N, antes Recursos Hidráulicos esquina Av. Toluca, Colonia Poblado de Teyahualco, C.P. 54990, Tultepec Estado de México."
Organismo de Cuenca Aguas del Valle de México - Calle Diego Rivera S/N,Texcoco,Estado de México,56227,"Calle Diego Rivera S/N, Colonia Emiliano Zapata ISSSTE, C.P. 56227 Texcoco Estado de México."
Organismo de Cuenca Aguas del Valle de México - Calzada Guadalupe esquina Interceptor Poniente,Cuautitlán,Estado de México,54800,"Calzada Guadalupe esquina Interceptor Poniente, Colonia El Cerrito, C.P. 54800, Cuautitlán, Estado de México."
Organismo de Cuenca Aguas del Valle de México - Camino a Presa Chilesdo Km. 2.2,Estado de México,Estado de México,51000,"Camino a Presa Chilesdo Km. 2.2, Col. Manzana de Castle, C.P. 51000, Estado de México."
Organismo de Cuenca Aguas del Valle de México - Camino Presa Valle de Bravo a Villa Colorines S/N,Estado de México,Estado de México,51230,"Camino Presa Valle de Bravo a Villa Colorines S/N, Colonia Villa de Colorines, C.P. 51230, Estado de México."
Organismo de Cuenca Aguas del Valle de México - Carr. Ixtapan Del Oro-Colorines S/N,Estado de México,Estado de México,51070,"Carr. Ixtapan Del Oro-Colorines S/N, Col. Ixtapan Del Oro Centro, C.P. 51070, Estado de México."
Organismo de Cuenca Aguas del Valle de México - Carr. Santa Maria Atarasquillo-San Nicolas Peralta S/N,Lerma de Villada,Estado de México,52047,"Carr. Santa Maria Atarasquillo-San Nicolas Peralta S/N, Col. Agrícola Analco En San Nicolas Peralta, C.P. 52047, Lerma de Villada, Estado de México."
Organismo de Cuenca Aguas del Valle de México - Carr. Toluca Zitácuaro Col. Gustavo Baz Tanque Santa Isabel,Estado de México,Estado de México,50963,"Carr. Toluca Zitácuaro Col. Gustavo Baz Tanque Santa Isabel Municipio De Villa Victoria Km. 108 Toluca, Estado de México."
Organismo de Cuenca Aguas del Valle de México - Carr. Toluca-Valle de Bravo,Valle de Bravo,Estado de México,51200,"Carr. Toluca-Valle de Bravo, Vía Monumento Km. 23.5, Col. El Arco, C.P. 51200, Valle de Bravo Estado de México."
Organismo de Cuenca Aguas del Valle de México - Carr. Villa Victoria - El Oro Km. 6.5,Estado de México,Estado de México,50985,"Carr. Villa Victoria - El Oro Km. 6.5, Col. La Presa, C.P. 50985, Estado de México."
Organismo de Cuenca Aguas del Valle de México - Carretera Reyes Apaxco Km. 22.7 Barrio de San Miguel,Tequixquiac,Estado de México,55650,"Carretera Reyes Apaxco Km. 22.7 Barrio de San Miguel, C.P. 55650, Tequixquiac Estado de México."
Organismo de Cuenca Aguas del Valle de México - Carretera Tuxpan-Agostitlan Km. 4,Michoacán,Michoacán,61426,"Carretera Tuxpan-Agostitlan Km. 4, Ejido El Malacate, C.P. 61426, Michoacánoacán."
Organismo de Cuenca Aguas del Valle de México - Carretera Zitacuaro-Huetamo,Michoacán,Michoacán,61539,"Carretera Zitacuaro-Huetamo, Km.11, Ejido Los Zapotes, C.P. 61539, Michoacánoacán."
Organismo de Cuenca Aguas del Valle de México - Emisor Poniente S/N esquina con Francisco Villa,Coyotepec,Estado de México,54660,"Emisor Poniente S/N esquina con Francisco Villa, Barrio Caltenco, C.P. 54660, Coyotepec Estado de México."
Organismo de Cuenca Aguas del Valle de México - Km 22.5 Carretera México-Puebla esquina camino al Tiradero de Santa Catalina,La Paz,Estado de México,50900,"Km 22.5 Carretera México-Puebla esquina camino al Tiradero de Santa Catalina, Col. Loma Encantada, C.P. 50900, La Paz, Estado de México."
Organismo de Cuenca Aguas del Valle de México - Km. 2 Carretera a San Bartolo Cuautlalpan S/N,Tizayuca,Hidalgo,43801,"Km. 2 Carretera a San Bartolo Cuautlalpan S/N, Colonia Lázaro Cárdenas, Frente a la Subestación de CFE, C.P. 43801, Tizayuca Hidalgo."
Organismo de Cuenca Aguas del Valle de México - Km. 54.5 Carretera Toluca-Valle de Bravo,Los Berros Villa de Allende,Estado de México,51000,"Km. 54.5 Carretera Toluca-Valle de Bravo, C.P. 51000, Los Berros Villa de Allende Estado de México."
Organismo de Cuenca Aguas del Valle de México - Km. 7.5 Autopista Peñon-Texcoco,Texcoco,Estado de México,56100,"Km. 7.5 Autopista Peñon-Texcoco, C.P. 56100, Texcoco, Estado de México."
Organismo de Cuenca Aguas del Valle de México - Lomas Estrella - Paseo de Sicilia No. 225,CDMX,CDMX,"09890,","Paseo de Sicilia No. 225, Fraccionamiento Lomas Estrella Segunda Sección, Alcaldía Iztapalapa, C.P. 09890, Ciudad de México."
Organismo de Cuenca Aguas del Valle de México - Presa Colorines Frente a Oficinas de CFE Carr. Colorines,Valle de Bravo,Estado de México,51230,"Presa Colorines Frente a Oficinas de CFE Carr. Colorines Santo Tomas de Los Plátanos, Valle de Bravo, Estado de México."
Organismo de Cuenca Aguas del Valle de México - San Pablo Autopan,Toluca,Estado de México,50290,"San Pablo Autopan, Toluca, Estado de México."
Organismo de Cuenca Aguas del Valle de México - Valle de las Alamedas S/N,Tultitlan,Estado de México,54945,"Valle de las Alamedas S/N, Fraccionamiento Izcalli del Valle, C.P. 54945, Tultitlan Estado de México."
Organismo de Cuenca Balsas - Av. Universidad No.5,Morelos,Morelos,62000,"Av. Universidad No.5 Col. Santa Maria Ahuacatitlan C.P. 62000 Cuernavaca, Morelos."
Organismo de Cuenca Balsas - Calle Sonora No. 726,Morelos,Morelos,62290,"Calle Sonora No. 726, Col. Vista Hermosa C.P. 62290 Cuernavaca, Morelos."
Organismo de Cuenca Balsas - Cuauhtémoc No.2,Morelos,Morelos,62785,"Cuauhtémoc No.2 Col. Centro Galeana C.P. 62785 Zacatepec, Morelos."
Organismo de Cuenca Balsas - Nueva Bélgica Esq. Pedro de Alvarado s/n,Morelos,Morelos,62260,"Nueva Bélgica Esq. Pedro de Alvarado s/n Col. Reforma Norte C.P. 62260 Cuernavaca, Morelos."
Organismo de Cuenca Balsas - Reforma s/n Agencia la Estancia,Huajuapan de León,Oaxaca,69000,Reforma s/n Agencia la Estancia C.P. 69000 Huajuapan de León Oaxaca.
Organismo de Cuenca Cuencas Centrales del Norte - Av. Cipreses esquina con Paseo La Rosita S/N,Torreón,Coahuila,27250,"Av. Cipreses esquina con Paseo La Rosita S/N. Col. Residencial Campestre La Rosita. Torreón, Coahuila de Zaragoza. CP 27250."
Organismo de Cuenca Cuencas Centrales del Norte - Av. Francisco I. Madero 385 Nte,Lerdo,Durango,35150,"Av. Francisco I. Madero 385 Nte. Col. Centro. Lerdo, Durango. CP 35150."
Organismo de Cuenca Cuencas Centrales del Norte - Blvd. José Santos Valdez S/N,Matamoros,Coahuila,27445,"Blvd. José Santos Valdez S/N. Col. Mariano Matamoros. Matamoros, Coahuila de Zaragoza. CP 27445."
Organismo de Cuenca Cuencas Centrales del Norte - Blvd. Madero 298 Sur,Francisco I Madero,Coahuila,27907,"Blvd. Madero 298 Sur. Col. Centro. Francisco I. Madero, Coahuila de Zaragoza. CP 27907."
Organismo de Cuenca Cuencas Centrales del Norte - Calzada Manuel Ávila Camacho 2777 Ote,Torreón,Coahuila,27010,"Calzada Manuel Ávila Camacho 2777 Ote. Col. Magdalenas. Torreón, Coahuila de Zaragoza. CP 27010."
Organismo de Cuenca Cuencas Centrales del Norte - Carretera Interoceánica km1. Carretera Torreón - San Pedro,San Pedro,Coahuila,27845,"Carretera Interoceánica km1. Carretera Torreón - San Pedro. San Pedro, Coahuila de Zaragoza. CP 27845."
Organismo de Cuenca Cuencas Centrales del Norte - Carretera Pedriceña - Nazas,Nazas,Durango,35704,"Carretera Pedriceña - Nazas, km 45. Nazas, Durango. CP 35704."
Organismo de Cuenca Cuencas Centrales del Norte - Periférico Gómez Palacio - Lerdo,Lerdo,Durango,34154,"Periférico Gómez Palacio - Lerdo, Km 17. Carretera Federal 40. Lerdo, Durango."
Organismo de Cuenca Frontera Sur - 2a Calle Sur esquina con 9a. Avenida Oriente S/N,Arriaga,Chiapas,30454,"2a Calle Sur esquina con 9a. Avenida Oriente S/N. Colonia Arriaga Centro, CP. 30454, Arriaga, Chiapas."
Organismo de Cuenca Frontera Sur - 7a Sur Poniente S/N,Comitán de Domínguez,Chiapas,30090,"7a Sur Poniente S/N, Colonia Miguel Alemán Valdés (atrás de la ETI No. 011056), CP. 30090, Comitán de Domínguez, Chiapas."
Organismo de Cuenca Frontera Sur - AV. Central Norte Numero 20,Cuidad Hidalgo,Chiapas,30780,"AV. Central Norte Numero 20, Ciudad Hidalgo, CP. 30780, entre 5A y 7A Poniente Colonia Centro."
Organismo de Cuenca Frontera Sur - Av. Insurgentes No. 119-A,San Cristóbal de las Casas,Chiapas,29270,"Av. Insurgentes No. 119-A, C.P. 29270, Col. María Auxiliadora (aun costado del antiguo Aeropuerto), San Cristóbal de las Casas, Chiapas."
Organismo de Cuenca Frontera Sur - Blvd. Escritor Armando Jimenez S/N,Los Laguitos,Chiapas,29023,"Blvd. Escritor Armando Jimenez S/N, Fracc. Los Laguitos, C.P. 29023."
Organismo de Cuenca Frontera Sur - Carretera al Antiguo Aeropuerto Km. 2.5 S/N,Tapachula,Chiapas,30789,"Carretera al Antiguo Aeropuerto Km. 2.5 S/N, CP. 30789, Tapachula, Chiapas."
Organismo de Cuenca Frontera Sur - Carretera al Antiguo Aeropuerto S/N,Chiapas,Chiapas,30799,"Carretera al Antiguo Aeropuerto S/N, C.P. 30799 (frente a TACSA). Tapachula, Chiapas."
Organismo de Cuenca Frontera Sur - Carretera Tuxtla Chicoasén Km 1.5,Tuxtla Gutiérrez,Chiapas,29020,"Carretera Tuxtla Chicoasén Km 1.5, S/N., Los Laguitos, CP. 29020, Tuxtla Gutiérrez, Chiapas."
Organismo de Cuenca Frontera Sur - Cuarta Calle Norte Poniente Sin número,Ciudad de Comitán de Domínguez,Chiapas,30109,"Cuarta Calle Norte Poniente Sin número, Col. San José Yocnajab, Ciudad de Comitán de Domínguez, Chiapas. Cp. 30109."
Organismo de Cuenca Frontera Sur - Domicilio Conocido CNA,Venustiano Carranza,Chiapas,30200,"Domicilio Conocido CNA, (Al lado del Panteón), Col. Soyatitán, Chiapas, CP. 30200, Venustiano Carranza, Chiapas."
"Organismo de Cuenca Frontera Sur - Domicilio Conocido, Campamento CNA",La Concordia,Chiapas,30362,"Domicilio Conocido, Campamento CNA, Col. Independencia, CP. 30362, La Concordia, Chiapas."
Organismo de Cuenca Frontera Sur - Km 3.5 Carretera a Escuintla S/N,Acapetahua,Chiapas,30580,"Km 3.5 Carretera a Escuintla S/N, CP. 30580, Acapetahua, Chiapas."
Organismo de Cuenca Golfo Centro - A. Ejercito Mexicano número S/N Colonia Ylang-Ylang,Boca del Río,Veracruz,94298,"A. Ejercito Mexicano número S/N Colonia Ylang-Ylang, C.P. 94298, Boca del Río, Ver."
Organismo de Cuenca Golfo Centro - Av. Ejercito Mexicano S/N Colonia Ylang-Ylang,Boca del Río,Veracruz,94298,"Av. Ejercito Mexicano S/N Colonia Ylang-Ylang, C.P. 94298, Boca del Río, Ver."
Organismo de Cuenca Golfo Centro - Boulevard Complejo Morelos Km 0+860 (cruce con arrollo Teapa),Coatzacoalcos,Veracruz,96384,"Boulevard Complejo Morelos Km 0+860 (cruce con arrollo Teapa) Col. Complejo Petroquímico Pajaritos, C.P. 96384, Coatzacoalcos, Ver."
Organismo de Cuenca Golfo Centro - Calle Juárez S/N,Joachin,Veracruz,95200,"Calle Juárez S/N, Esquina Guerrero Col. Centro, C.P. 95200 Joachin, Ver."
Organismo de Cuenca Golfo Centro - Calle Roble s/n,Orizaba,Veracruz,94320,"Calle Roble s/n,Unidad Fovissste, Colonia El Espinal, CP 94320, Orizaba, Ver."
Organismo de Cuenca Golfo Centro - Carretera a Canticas Km. 9,Coatzacoalcos,Veracruz,96536,"Carretera a Canticas Km. 9, Col. Las Gaviotas, C.P. 96536, Coatzacoalcos, Ver."
Organismo de Cuenca Golfo Centro - Carretera Xalapa - Veracruz kilómetro 3.5,Xalapa,Veracruz,91193,"Carretera Xalapa - Veracruz kilómetro 3.5, número 471, Colonia Olmos de las Animas, C.P. 91193, Xalapa, Ver."
Organismo de Cuenca Golfo Centro - Domicilio conocido (a 3 kilómetros del entronque con la carretera antigua a Las Choapas),Tlacuilolapa,Veracruz,96376,"Domicilio conocido (a 3 kilómetros del entronque con la carretera antigua a Las Choapas). Ejido Tlacuilolapa, Municipio de Moloacan, Ver."
Organismo de Cuenca Golfo Centro - Domicilio Conocido (A Dos Km. Del Canal De Llamada De Pb-1),Municipio de Las Choapas,Veracruz,96986,"Domicilio Conocido (A Dos Km. Del Canal De Llamada De Pb-1), Ejido Ceiba Blanca Municipio de Las Choapas, Ver."
"Organismo de Cuenca Golfo Centro - Domicilio conocido, Carretera Federal Núm. 175",San Lucas Ojitlán,Oaxaca,68470,"Domicilio conocido, Carretera Federal Núm. 175, Conduce a la Ciudad de Tuxtepec Ejido Cerro de Oro C.P. 68470, San Lucas Ojitlán Oaxaca."
"Organismo de Cuenca Golfo Centro - Domicilio conocido, Presa la Uspanapa - Cangrejera",Coatzacoalcos,Veracruz,96400,"Domicilio conocido, Presa la Uspanapa - Cangrejera, Ejido Gavilán Sur S/N, C.P. 96400, Coatzacoalcos, Ver."
"Organismo de Cuenca Golfo Centro - Domicilio Conocido, Privada Galeana s/n",Tuxpan,Veracruz,92820,"Domicilio Conocido, Privada Galeana s/n, Col. Azteca, C.P. 92820, Tuxpan Ver."
Organismo de Cuenca Golfo Centro - Zapotecos No. 1,"Mpio Cosamaloapan, Miguel Alemán",Veracruz,95427,"Zapotecos No. 1, Piso 1, C.P. 95427, Mpio Cosamaloapan, Miguel Alemán, Ver."
Organismo de Cuenca Golfo Norte - 5 de mayo No. 603 Oriente Zona Centro,Linares,Nuevo León,67700,"5 de mayo No. 603 Oriente Zona Centro, C.P.67700, Linares, Nuevo León,."
Organismo de Cuenca Golfo Norte - Brecha Este 123,San Fernando,Tamaulipas,87618,"Brecha Este 123, Esquina con Brecha Sur 40, Col. Agrícola Francisco Gonzalez Villareal C.P. 87618, San Fernando Tamaulipas."
Organismo de Cuenca Golfo Norte - Calle Abasolo No. 602 Sur Zona Centro,Xicotencatl,Tamaulipas,87950,"Calle Abasolo No. 602 Sur Zona Centro C.P.87950, Xicotencatl, Tamaulipas."
Organismo de Cuenca Golfo Norte - Calle Expropiación Petrolera No. 1510,Ciudad Victoria,Tamaulipas,87071,"Calle Expropiación Petrolera No. 1510, Fraccionamiento Fuego Nuevo, Ciudad Victoria, Tamaulipas, 87071."
Organismo de Cuenca Golfo Norte - Calle Felipe de la Garza No. 204. Col. Centro,Cd Soto la Marina,Tamaulipas,89000,"Calle Felipe de la Garza No. 204. Col. Centro, C.P. 89000, Cd. Soto la Marina, Tamaulipas."
Organismo de Cuenca Golfo Norte - Calle Lomas del Palmar No. 205,Tampico,Tamaulipas,89100,"Calle Lomas del Palmar No. 205, Col. Lomas de Rosales, Tampico, Tamaulipas, 89100."
Organismo de Cuenca Golfo Norte - Calle Manuel González Norte No. 205,El Mante,Tamaulipas,89800,"Calle Manuel González Norte No. 205, Zona Centro, CP. 89800, El Mante, Tamaulipas."
Organismo de Cuenca Golfo Norte - Calle Morelos s/n entre Francisco I. Madero y Manuel A. Ravize,Abasolo,Tamaulipas,87760,"Calle Morelos s/n entre Francisco I. Madero y Manuel A. Ravize Zona Centro C.P. 87760, Abasolo, Tamaulipas."
Organismo de Cuenca Golfo Norte - Carretera Pánuco-Tempoal K.M. 2.8 Col. Rafael Hernández Ochoa,Pánuco,Veracruz,93995,"Carretera Pánuco-Tempoal K.M. 2.8 Col. Rafael Hernández Ochoa C.P. 93995, Pánuco, Veracruz."
Organismo de Cuenca Golfo Norte - Carretera Tampico Mante Km. 21.4,Altamira,Tamaulipas,89600,"Carretera Tampico Mante Km. 21.4, Zona Centro, CP. 89600, Altamira, Tamaulipas."
Organismo de Cuenca Golfo Norte - Libramiento Emilio Portes Gil Núm. 200 Col. Miguel Alemán,Ciudad Victoria,Tamaulipas,87030,"Libramiento Emilio Portes Gil Núm. 200 Col. Miguel Alemán C.P. 87030, Ciudad Victoria, Tamaulipas."
Organismo de Cuenca Golfo Norte - Zaragoza Norte No. 212,Madero,Tamaulipas,89510,"Zaragoza Norte No. 212, Col. Ampliación, Unidad Nacional, CP. 89510, Madero, Tamaulipas."
Organismo de Cuenca Lerma Santiago Pacífico - Av. 20 Noviembre No. 29,Ocotlán,Jalisco,47801,"Av. 20 Noviembre No. 29, Col. 6 de Noviembre, C.P. 47801, Ocotlán , Jalisco."
Organismo de Cuenca Lerma Santiago Pacífico - Av. Hidalgo No. 354,El Grullo,Jalisco,48740,"Av. Hidalgo No. 354, Col Centro, C.P. 48740, El Grullo, Jalisco."
Organismo de Cuenca Lerma Santiago Pacífico - Avenida Adoph B. Horn Jr. No 565,Tlaquepaque,Jalisco,45610,"Avenida Adoph B. Horn Jr. No 565, Toluquilla, C.P. 45610, Tlaquepaque, Jalisco."
Organismo de Cuenca Lerma Santiago Pacífico - Avenida Federalismo Norte No. 275,Guadalajara,Jalisco,44100,"Avenida Federalismo Norte No. 275, Colonia Centro, C.P. 44100, Guadalajara, Jalisco."
"Organismo de Cuenca Lerma Santiago Pacífico - Domicilio Conocido, Camino a la Presa",Degollado,Jalisco,47981,"Domicilio Conocido, Camino a la Presa, Poblado de Huascato, C.P. 47981, Degollado, Jalisco."
"Organismo de Cuenca Lerma Santiago Pacífico - Domicilio Conocido, Presa Cajón de Peña",Tomatlán,Jalisco,48450,"Domicilio Conocido, Presa Cajón de Peña, Margen Derecho de la Presa, C.P. 48450, Tomatlán, Jalisco."
"Organismo de Cuenca Lerma Santiago Pacífico - Domicilio Conocido, Presa Trigomil",Unión de Tula,Jalisco,48001,"Domicilio Conocido, Presa Trigomil, C.P. 48001, Unión de Tula, Jalisco."
Organismo de Cuenca Lerma Santiago Pacífico - José Ma. Calvillo No 7,Colotlán,Jalisco,46200,"José Ma. Calvillo No 7, Col. Del Cerrito, C.P. 46200, Colotlán, Jalisco."
Organismo de Cuenca Lerma Santiago Pacífico - Juan Pablo Anaya No. 364,Lagos de Moreno,Jalisco,47400,"Juan Pablo Anaya No. 364, Colonia alcaldes, C.P. 47400, Lagos de Moreno, Jalisco."
Organismo de Cuenca Lerma Santiago Pacífico - Km 127,Tomatlán,Jalisco,48450,"Km 127, Carretera Barra de Navidad - Pto. Vallarta, Campamento SAGARPA, C.P. 48450, Tomatlán, Jalisco."
Organismo de Cuenca Lerma Santiago Pacífico - Miguel Hidalgo No. 675,Zapotlán El Grande,Jalisco,4900,"Miguel Hidalgo No. 675, Colonia Centro, C.P. 4900, Zapotlán El Grande, Jalisco."
Organismo de Cuenca Lerma Santiago Pacífico - Paseo del Torreón No 2150,Guadalajara,Jalisco,44660,"Paseo del Torreón No 2150, Col. Villa de los Colomos, Interior del Parque de los Colomos, C.P. 44660, Guadalajara, Jalisco."
Organismo de Cuenca Lerma Santiago Pacífico - Salvador Zúñiga No. 33,Ameca,Jalisco,46600,"Salvador Zúñiga No. 33, Colonia Centro, C.P. 46600, Ameca, Jalisco."
Organismo de Cuenca Noroeste - Av. 1 de Mayo y Oriente Final S/N,Empalme,Sonora,85390,"Av. 1 de Mayo y Oriente Final S/N, Col. Jordán, C.P. 85390, Empalme, Sonora."
Organismo de Cuenca Noroeste - Blvar. Luis Encinas No. 399 Col El Ranchito,Hermosillo,Sonora,83050,"Blvar. Luis Encinas No. 399 Col El Ranchito C.P 83050, Hermosillo, Sonora."
Organismo de Cuenca Noroeste - Blvrd. Paseo de la Cultura y Comonfort Edificio México,Hermosillo,Sonora,83280,"Blvrd. Paseo de la Cultura y Comonfort Edificio México, 3er piso, Col. Villa de Seris C.P. 83280, Hermosillo, Sonora."
Organismo de Cuenca Noroeste - California No. 54 Col. La Matanza,Hermosillo,Sonora,83080,"California No. 54 Col. La Matanza, C.P. 83080, Hermosillo, Sonora."
Organismo de Cuenca Noroeste - Calle 5 Álvaro Obregón y Av. W #34,Caborca,Sonora,83460,"Calle 5 Álvaro Obregón y Av. W #34, Col. Industrial, C.P. 83460, Caborca, Sonora."
Organismo de Cuenca Noroeste - Calle Granados s/n,Cd Obregón,Sonora,85000,"Calle Granados s/n, entre Morelos y Canal Principal Bajo, Col. Morelos, . C.P. 85000, Cd. Obregón, Sonora."
Organismo de Cuenca Noroeste - Cerro de la Ballena S/N Calle 1° Junio y 16 de Sept,Puerto Peñasco,Sonora,83550,"Cerro de la Ballena S/N Calle 1° Junio y 16 de Sept Col. El Puerto C.P. 83550, Puerto Peñasco, Sonora."
Organismo de Cuenca Noroeste - Cerro de la Sirena S/N,Nacozari de Garcia,Sonora,83340,"Cerro de la Sirena S/N , Col. Centro, C.P. 83340, Nacozari de Garcia, Sonora."
Organismo de Cuenca Noroeste - Fraccionamiento Libertad,Empalme,Sonora,85330,"Fraccionamiento Libertad, Manzana 111, Col. Libertad, C.P. 85330, Empalme, Sonora."
Organismo de Cuenca Noroeste - Gonzalo Zendai No.33,Altar,Sonora,83750,"Gonzalo Zendai No.33, Col Buenos Aires, C.P. 83750, Altar, Sonora (30°42' 52'' N, 111°50' 05'' O)."
Organismo de Cuenca Noroeste - Hidalgo y Sinaloa No. 827,Cd Obregón,Sonora,85000,"Hidalgo y Sinaloa No. 827, Col. Centro, C.P. 85000 , Cd. Obregón, Sonora."
Organismo de Cuenca Noroeste - Kilome 48 +250m de la carretera internacional 15,Vicam,Sonora,85510,"Kilome 48 +250m de la carretera internacional 15, nainari S/N C.P. 85510, Vicam, Sonora."
Organismo de Cuenca Noroeste - Norman Bourlaug Esq. Con Calle 800,Cajeme,Sonora,85000,"Norman Bourlaug Esq. Con Calle 800, Col. Valle del Yaqui, C.P. 85000, Cajeme, Sonora."
Organismo de Cuenca Noroeste - Pbro. Pedro Villegas Ramirez No. 34,Hermosillo,Sonora,83079,"Pbro. Pedro Villegas Ramirez No. 34, Col. El Razo, C.P. 83079, Hermosillo, Sonora."
Organismo de Cuenca Noroeste - Pesqueira y Jiménez Esq. Col Centro,Navojoa,Sonora,85800,"Pesqueira y Jiménez Esq. Col Centro, C.P. 85800, Navojoa, Sonora."
Organismo de Cuenca Pacífico Norte - Almada y Juárez S/N,Navolato,Sinaloa,80320,"Almada y Juárez S/N, C.P. 80320, Navolato, Sinaloa."
Organismo de Cuenca Pacífico Norte - Angel Flores No. 903 Altos,Mazatlán,Sinaloa,82000,"Angel Flores No. 903 Altos, Palacio Federal, Edificio Telégrafos, Col. Centro, CP. 82000, Mazatlán, Sinaloa."
Organismo de Cuenca Pacífico Norte - Av. Federalismo y Blvd. Culiacán S/N,Culiacán,Sinaloa,"08015,","Av. Federalismo y Blvd. Culiacán S/N, Col. Recursos Hidráulicos, CP 8015, Culiacán, Sinaloa."
Organismo de Cuenca Pacífico Norte - Av. México S/N,Culiacán,Sinaloa,80450,"Av. México S/N, Col. Centro, Eldorado, CP. 80450, Culiacán, Sinaloa."
Organismo de Cuenca Pacífico Norte - Bahía de Altamira No. 1535,Culiacán,Sinaloa,80170,"Bahía de Altamira No. 1535, Col. Nuevo Culiacán, C.P. 80170, Culiacán, Sinaloa."
Organismo de Cuenca Pacífico Norte - Belisario Domínguez Esq. Con Ixtlán,Los Mochis,Sinaloa,81215,"Belisario Domínguez Esq. Con Ixtlán, S/N, Col. Benito Juárez, C.P. 81215, Los Mochis, Sinaloa."
Organismo de Cuenca Pacífico Norte - Blvd. Rosales y Jaime Dunat S/N,Guamúchil,Sinaloa,81400,"Blvd. Rosales y Jaime Dunat S/N, Col. Centro, CP 81400, Guamúchil, Sinaloa."
Organismo de Cuenca Pacífico Norte - Calle 5 de mayo S/N,Angostura,Sinaloa,81600,"Calle 5 de mayo S/N, Col. Centro, CP. 81600, Angostura, Sinaloa."
Organismo de Cuenca Pacífico Norte - Calle Liceo Rosales 6413,Mazatlán,Sinaloa,82129,"Calle Liceo Rosales 6413, Ignacio del Valle Lucero, CP 82129, Mazatlán, Sinaloa."
Organismo de Cuenca Pacífico Norte - Carretera a El dorado,Culiacán,Sinaloa,80430,"Carretera a El dorado, Km. 19.5, Junto a la escuela de Agricultura, Culiacán, Sinaloa."
Organismo de Cuenca Pacífico Norte - Carretera a Huites No. 194,Choix,Sinaloa,81700,"Carretera a Huites No. 194, Col Centro, C.P. 81700, Choix, Sinaloa."
Organismo de Cuenca Pacífico Norte - Cayetano Valadez y Papagayo S/N,Mazatlán,Sinaloa,82010,"Cayetano Valadez y Papagayo S/N, Col. Juan Carrasco, CP. 82010, Mazatlán, Sinaloa."
Organismo de Cuenca Pacífico Norte - Constitución No. 330 Pte.,Mazatlán,Sinaloa,82200,"Constitución No. 330 Pte., Villa Unión, CP. 82200, Mazatlán, Sinaloa."
Organismo de Cuenca Pacífico Norte - Esquina Calle Hidalgo y Palo Verde,Culiacán,Sinaloa,80313,"Esquina Calle Hidalgo y Palo Verde, S/N, Villa Adolfo López Mateos, El Tamarindo, Culiacán, Sinaloa."
Organismo de Cuenca Pacífico Norte - Guillermo Prieto y Marcial Ordoñez S/N,Los Mochis,Sinaloa,81200,"Guillermo Prieto y Marcial Ordoñez S/N, Col. Centro, CP. 81200, Los Mochis, Sinaloa."
Organismo de Cuenca Pacífico Norte - Hernando de Villafañe y Benigno Valenzuela S/N,Guasave,Sinaloa,81000,"Hernando de Villafañe y Benigno Valenzuela S/N, Col. Centro, CP. 81000, Guasave, Sinaloa."
Organismo de Cuenca Pacífico Norte - Km 16.5 Carretera a La Cruz,La Cruz,Sinaloa,82700,"Km 16.5 Carretera a La Cruz, Col. Arroyitos, CP. 82700, La Cruz, Sinaloa."
Organismo de Cuenca Pacífico Norte - Rio San Lorenzo No. 6,Ahome,Sinaloa,81320,"Rio San Lorenzo No. 6, Villa Gustavo Díaz Ordaz (Carrizo), Col. Centro, CP. 81320, Ahome, Sinaloa."
Organismo de Cuenca Pacífico Norte - Zaragoza y Blas Valenzuela S/N,Guasave,Sinaloa,81000,"Zaragoza y Blas Valenzuela S/N, Edificio Carlón, Piso 4, C.P. 81000, Guasave, Sinaloa."
"Organismo de Cuenca Pacífico Sur - Andador 11 Casa 5 Manzana ""M"" 4a etapa INFONAVIT 1o de Mayo",Oaxaca,Oaxaca,68050,"Andador 11 Casa 5 Manzana ""M"" 4a etapa INFONAVIT 1o de Mayo, C.P. 68050, Oaxaca, Oax."
Organismo de Cuenca Pacífico Sur - Aquiles Serdán S/N,Ciudad Ixtepec,Oaxaca,70110,"Aquiles Serdán S/N, Col. Moderna, CP. 70110, Ciudad Ixtepec, Oaxaca."
Organismo de Cuenca Pacífico Sur - Calle Heliodoro Díaz Quintas,"San José del Progreso, Tututepec",Oaxaca,71803,"Calle Heliodoro Díaz Quintas, S/N, CP. 71803, Col. Lindavista, San José del Progreso, Tututepec, Oaxaca."
Organismo de Cuenca Pacífico Sur - Camino a la cortina de la Presa Benito Juárez,Santa María Jalapa del Marques,Oaxaca,70710,"Camino a la cortina de la Presa Benito Juárez, C.P. 70710, Santa María Jalapa del Marques, Oaxaca."
Organismo de Cuenca Pacífico Sur - Carretera Panamericana Km. 797,Santo Domingo Tehuantepec,Oaxaca,70760,"Carretera Panamericana Km. 797, barrio Vixhana, C.P. 70760, Santo Domingo Tehuantepec, Oaxaca."
Organismo de Cuenca Pacífico Sur - Carretera Puerto Ángel - Zipolite Km. 0.5,Puerto Ángel,Oaxaca,70902,"Carretera Puerto Ángel - Zipolite Km. 0.5, CP. 70902, Puerto Ángel, Oaxaca."
Organismo de Cuenca Pacífico Sur - Conocido cerro de la Cruz,Puerto Ángel,Oaxaca,70902,"Conocido cerro de la Cruz, CP. 70902, Puerto Ángel, Oaxaca."
Organismo de Cuenca Pacífico Sur - Emilio Carranza No. 201,Oaxaca de Juárez,Oaxaca,68050,"Emilio Carranza No. 201, Col. Reforma, CP. 68050, Oaxaca de Juárez, Oaxaca."
Organismo de Cuenca Pacífico Sur - Interior del Aeropuerto Federal Benito Juárez S/N,San Juan Bautista La Raya,Oaxaca,68130,"Interior del Aeropuerto Federal Benito Juárez S/N, CP. 68130, San Juan Bautista La Raya, Oaxaca."
Organismo de Cuenca Pacífico Sur - Luis Enrique Herro No. 101,Oaxaca,Oaxaca,68033,"Luis Enrique Herro No. 101, esquina Riveras del Rio Atoyac, Col. Vicente Suárez, CP.68033 Oaxaca de Juárez, Oaxaca."
Organismo de Cuenca Pacífico Sur - Privada del Rocío S/N,Oaxaca de Juárez,Oaxaca,68048,"Privada del Rocío S/N, Col. Lomas del Crestón, CP. 68048, Oaxaca de Juárez, Oaxaca."
Organismo de Cuenca Pacífico Sur - Salinas del Márquez S/N,Salina Cruz,Oaxaca,70704,"Salinas del Márquez S/N, CP. 70704, Salina Cruz, Oaxaca."
Organismo de Cuenca Península de Baja California - Av. Argentina SN,Luis B Sanchez,Sonora,83500,"Av. Argentina SN, Col Nuevas, Luis B. Sanchez Sonora C.P. 83500."
Organismo de Cuenca Península de Baja California - Av. Obregón y Calle Segunda Zona Centro,Ensenada,Baja California,22800,"Av. Obregón y Calle Segunda Zona Centro , Ensenada Baja California. C.P. 22800."
Organismo de Cuenca Península de Baja California - Av. Reforma y Calle L s/n,Mexicali,Baja California,21100,"Av. Reforma y Calle L s/n, Col. Nueva , Mexicali Baja California. C.p. 21100."
Organismo de Cuenca Península de Baja California - Av. San José del Cabo No. 613,San Felipe Mexicali,Baja California,21850,"Av. San José del Cabo No. 613, Playa de San Felipe Mexicali, Baja California: C.P. 21850."
Organismo de Cuenca Península de Baja California - Boulevard Delta s/n Campamento de la SARH,Nuevo León,Baja California,21705,Boulevard Delta s/n Campamento de la SARH Ejido Nuevo León c.p. 21705.
Organismo de Cuenca Península de Baja California - Calle 12 SN,Mexicali,Baja California,21720,"Calle 12 SN, Guadalupe Victoria Mexicali,Baja California. C.P. 21720."
Organismo de Cuenca Península de Baja California - Calle Ignacio Allende s/n,Ensenada,Baja California,22810,"Calle Ignacio Allende s/n, Colonia popular 2 del Ejido Adolfo Ruiz Cortines, c.p. 22810, Ensenada, Baja California."
Organismo de Cuenca Península de Baja California - Carretera Tijuana-Tecate,Tecate,Baja California,21500,"Carretera Tijuana-Tecate, Delegación Valle de las Palmas , Tecate Baja California. C.p. 21500."
Organismo de Cuenca Península de Baja California - Domicilio Conocido km 13+800 del Canal Alimentador Central,Mexicali,Baja California,21980,Domicilio Conocido km 13+800 del Canal Alimentador Central c.p. 21980.
Organismo de Cuenca Península de Baja California - Domicilio Conocido km 8+000 del Canal Alimentador Central,Mexicali,Baja California,21980,Domicilio Conocido km 8+000 del Canal Alimentador Central C.p. 21980.
Organismo de Cuenca Península de Baja California - Domicilio Conocido Presa Abelardo L. Rodriguez,Tijuana,Baja California,22740,Domicilio Conocido Presa Abelardo L. Rodriguez Delegación la Presa Tijuana Baja California. C.p. 22740.
Organismo de Cuenca Península de Baja California - km 55 Carretera a San Luis Rio Colorado,San Luis Rio Colorado,Baja California,21930,"km 55 Carretera a San Luis Rio Colorado, Col Miguel Alemán , c.p. 21930."
Organismo de Cuenca Península de Yucatán - Calle 59-B No. 238 y Av. Zamná,Mérida,Yucatán,97238,"Calle 59-B No. 238 y Av. Zamná, Fraccionamiento Yucalpetén, CP. 97238, Mérida, Yucatán."
Organismo de Cuenca Península de Yucatán - Calle 60 X 37 No. 191 Col. Bacalar,Valladolid,Yucatán,97780,"Calle 60 X 37 No. 191 Col. Bacalar, Valladolid, Yucatán, C.P. 97780."
Organismo de Cuenca Península de Yucatán - Calle 7A Diagonal S/N X 38 y 40 Fracc. Los Ángeles,Mérida,Yucatán,97246,"Calle 7A Diagonal S/N X 38 y 40 Fracc. Los Ángeles Ampliación Juan Pablo II Cardenales, Mérida, Yucatán, CP.97246."
Organismo de Cuenca Península de Yucatán - Carretera Mérida-Chetumal Km. 110,Oxkutzcab,Yucatán,97880,"Carretera Mérida-Chetumal Km. 110, Oxkutzcab, Yucatán, CP. 97880."
Organismo de Cuenca Península de Yucatán - Carretera Progreso-Chicxulub,Progreso,Yucatán,97320,"Carretera Progreso-Chicxulub, Km. 0.7, Progreso, Yucatán, C.P. 97320."
Organismo de Cuenca Península de Yucatán - Km. 17 Tizimin-Col. Yucatán,Tizimin,Yucatán,97700,"Km. 17 Tizimin-Col. Yucatán, Tizimin, Yucatán, C.P. 97700."
Organismo de Cuenca Península de Yucatán - Km. 30,Becanchen,Yucatán,97970,"Km. 30, Tekax-Santiago Buenavista, Becanchen, Yucatán, C.P. 97970."
Organismo de Cuenca Península de Yucatán - Km. 4.5 Av. Aviación,Mérida,Yucatán,97269,"Km. 4.5 Av. Aviación, Carretera Mérida-Campeche, Mérida, Yucatán, C.P. 97269."
Organismo de Cuenca Río Bravo - Av. Constitución Ote. 4103,Monterrey,Nuevo León,64590,"Av. Constitución Ote. 4103, Col. Fierro, Monterrey, Nuevo León., CP. 64590."
Organismo de Cuenca Río Bravo - Calle América S/N,Cd Valle Hermoso,Tamaulipas,87500,"Calle América S/N, Col. Centro, Cd. Valle Hermoso, Tamaulipas. CP. 87500."
Organismo de Cuenca Río Bravo - Calle Capitán Leal 510,Cd Acuña,Coahuila,26215,"Calle Capitán Leal 510, Col. Benito Juárez, Cd. Acuña, Coah. CP. 26215."
Organismo de Cuenca Río Bravo - Calle Juárez 301 Izq.,Cd Anáhuac,Nuevo León,65030,"Calle Juárez 301 Izq., Col. Centro, Cd. Anáhuac, Nuevo León, CP. 65030."
Organismo de Cuenca Río Bravo - Calle V. Carranza 106,Cd Díaz Ordaz,Tamaulipas,88400,"Calle V. Carranza 106, Col. Centro, Cd. Díaz Ordaz, Tamaulipas., CP. 88400."
Organismo de Cuenca Río Bravo - Carr. a Salinas Victoria Km 1.5,Apodaca,Nuevo León,66610,"Carr. a Salinas Victoria Km 1.5, Aeropuerto del Norte, Apodaca, Nuevo León., CP 66610."
Organismo de Cuenca Río Bravo - Carr. Anáhuac-Sabinas Km 90,Cd Juárez,Coahuila,25410,"Carr. Anáhuac-Sabinas Km 90, Cd. Juárez, Coahuila, CP. 25410."
Organismo de Cuenca Río Bravo - Carr. Los Cavazos-Cadereyta Km 7,Santiago,Nuevo León,67317,"Carr. Los Cavazos-Cadereyta Km 7, Santiago, Nuevo León., CP. 67317."
Organismo de Cuenca Río Bravo - Carr. Matamoros-Mazatlán Km. 79,Cd Reynosa,Tamaulipas,88780,"Carr. Matamoros-Mazatlán Km. 79, Brecha E-102, Ejido El Guerreño, Cd. Reynosa, Tamaulipas. CP. 88780."
Organismo de Cuenca Río Bravo - Carr. Monterrey- Reynosa Km 110,China,Nuevo León,67050,"Carr. Monterrey- Reynosa Km 110, Ejido El Cuchillo, China, Nuevo León. CP. 67050."
Organismo de Cuenca Río Bravo - Congregación Comales,Cd Camargo,Tamaulipas,88470,"Congregación Comales, Cd. Camargo, Tamaulipas., CP. 88470."
"Organismo de Cuenca Río Bravo - Ejido, Cerro Prieto, Linares",Linares,Nuevo León,67817,"Ejido, Cerro Prieto, Linares Nuevo León. CP. 67817."
Organismo de Cuenca Río Bravo - Paseo Colón S/N,Cd Río Bravo,Tamaulipas,88900,"Paseo Colón S/N, Col. Centro, Cd. Río Bravo, Tamaulipas., CP. 88900."
Organismo de Cuenca Río Bravo - Prolong. Juárez S/N,Cd H Matamoros,Tamaulipas,87555,"Prolong. Juárez S/N, Poblado Control, Cd. H. Matamoros, Tamaulipas., CP. 87555."
